filename,true_label,condition,variant,quality_db,quality_method,stoi_vs_clean,pesq_vs_clean,prediction,prediction_matches_clean
AH_545622718-C052AD58-5E6B-4ADC-855C-F76B66BAFA6E.wav,1,noise_snr_10db,degraded,5.313727032253419,hnr,0.4643033637395036,,1,True
AH_545622718-C052AD58-5E6B-4ADC-855C-F76B66BAFA6E.wav,1,noise_snr_10db,enhanced,9.028519546538115,hnr,0.5054377856663743,,1,True
AH_545622718-C052AD58-5E6B-4ADC-855C-F76B66BAFA6E.wav,1,noise_snr_5db,degraded,0.5703454099141839,hnr,0.3510040252837696,,1,True
AH_545622718-C052AD58-5E6B-4ADC-855C-F76B66BAFA6E.wav,1,noise_snr_5db,enhanced,4.742163073352824,hnr,0.3956777598745336,,1,True
AH_545622718-C052AD58-5E6B-4ADC-855C-F76B66BAFA6E.wav,1,noise_snr_-5db,degraded,-3.079273176067374,hnr,0.17688570409059914,,1,True
AH_545622718-C052AD58-5E6B-4ADC-855C-F76B66BAFA6E.wav,1,noise_snr_-5db,enhanced,-2.438665915324698,hnr,0.21200548973599243,,0,False
AH_545622718-C052AD58-5E6B-4ADC-855C-F76B66BAFA6E.wav,1,reverb_mild_rt0.3,degraded,16.082950364168372,hnr,0.8749193931034069,,1,True
AH_545622718-C052AD58-5E6B-4ADC-855C-F76B66BAFA6E.wav,1,reverb_mild_rt0.3,enhanced,45.96186065673828,silence_snr,0.7984873528152286,,0,False
AH_545622718-C052AD58-5E6B-4ADC-855C-F76B66BAFA6E.wav,1,reverb_heavy_rt0.6,degraded,13.620515330022181,hnr,0.8253190959573047,,1,True
AH_545622718-C052AD58-5E6B-4ADC-855C-F76B66BAFA6E.wav,1,reverb_heavy_rt0.6,enhanced,46.36492919921875,silence_snr,0.782216605070912,,0,False
AH_545622718-C052AD58-5E6B-4ADC-855C-F76B66BAFA6E.wav,1,compression_low,degraded,16.866470651060354,hnr,0.7404584988540995,,1,True
AH_545622718-C052AD58-5E6B-4ADC-855C-F76B66BAFA6E.wav,1,compression_low,enhanced,35.87225341796875,silence_snr,0.7194703007555509,,1,True
AH_545622718-C052AD58-5E6B-4ADC-855C-F76B66BAFA6E.wav,1,distance_quiet_-6db,degraded,18.442511532532166,hnr,0.9999999999999878,,1,True
AH_545622718-C052AD58-5E6B-4ADC-855C-F76B66BAFA6E.wav,1,distance_quiet_-6db,enhanced,45.04754638671875,silence_snr,0.8342966523893326,,0,False
AH_545622718-C052AD58-5E6B-4ADC-855C-F76B66BAFA6E.wav,1,distance_far_-12db,degraded,18.443437857360717,hnr,0.999999999999989,,0,False
AH_545622718-C052AD58-5E6B-4ADC-855C-F76B66BAFA6E.wav,1,distance_far_-12db,enhanced,45.03562545776367,silence_snr,0.8340101811251356,,0,False
AH_545622719-52C23861-6E0D-41E0-A3D8-9358C28C019B.wav,1,noise_snr_10db,degraded,4.8686826374440715,hnr,0.5059017309244361,,1,True
AH_545622719-52C23861-6E0D-41E0-A3D8-9358C28C019B.wav,1,noise_snr_10db,enhanced,30.54806900024414,silence_snr,0.437312681843117,,1,True
AH_545622719-52C23861-6E0D-41E0-A3D8-9358C28C019B.wav,1,noise_snr_5db,degraded,1.9695621406741841,hnr,0.37538250834103076,,1,True
AH_545622719-52C23861-6E0D-41E0-A3D8-9358C28C019B.wav,1,noise_snr_5db,enhanced,10.85013490692146,hnr,0.3579565935914073,,1,True
AH_545622719-52C23861-6E0D-41E0-A3D8-9358C28C019B.wav,1,noise_snr_0db,degraded,-0.6403112061479979,hnr,0.28645180823539096,,1,True
AH_545622719-52C23861-6E0D-41E0-A3D8-9358C28C019B.wav,1,noise_snr_0db,enhanced,6.847094929757622,hnr,0.29838676943821846,,0,False
AH_545622719-52C23861-6E0D-41E0-A3D8-9358C28C019B.wav,1,noise_snr_-5db,degraded,-2.7679846249554267,hnr,0.17072306604484738,,1,True
AH_545622719-52C23861-6E0D-41E0-A3D8-9358C28C019B.wav,1,noise_snr_-5db,enhanced,1.8363794227370163,hnr,0.2031158938481393,,0,False
AH_545622719-52C23861-6E0D-41E0-A3D8-9358C28C019B.wav,1,reverb_mild_rt0.3,degraded,12.954145040049276,hnr,0.7807474897684574,,1,True
AH_545622719-52C23861-6E0D-41E0-A3D8-9358C28C019B.wav,1,reverb_mild_rt0.3,enhanced,33.48225402832031,silence_snr,0.5572089521723652,,1,True
AH_545622719-52C23861-6E0D-41E0-A3D8-9358C28C019B.wav,1,reverb_heavy_rt0.6,degraded,11.178693714567393,hnr,0.7138649890248777,,1,True
AH_545622719-52C23861-6E0D-41E0-A3D8-9358C28C019B.wav,1,reverb_heavy_rt0.6,enhanced,34.584598541259766,silence_snr,0.48991034612290535,,1,True
AH_545622719-52C23861-6E0D-41E0-A3D8-9358C28C019B.wav,1,compression_low,degraded,17.383921611208887,hnr,0.8192395579488014,,1,True
AH_545622719-52C23861-6E0D-41E0-A3D8-9358C28C019B.wav,1,compression_low,enhanced,33.099361419677734,silence_snr,0.59069586957163,,1,True
AH_545622719-52C23861-6E0D-41E0-A3D8-9358C28C019B.wav,1,distance_quiet_-6db,degraded,16.983663325760325,hnr,0.9999999999999719,,1,True
AH_545622719-52C23861-6E0D-41E0-A3D8-9358C28C019B.wav,1,distance_quiet_-6db,enhanced,34.027503967285156,silence_snr,0.672006674562866,,1,True
AH_545622719-52C23861-6E0D-41E0-A3D8-9358C28C019B.wav,1,distance_far_-12db,degraded,16.983736741228682,hnr,0.9999999999999722,,1,True
AH_545622719-52C23861-6E0D-41E0-A3D8-9358C28C019B.wav,1,distance_far_-12db,enhanced,34.02616882324219,silence_snr,0.6720062547334812,,0,False
AH_545753015-58CAA743-BA9A-47E0-B9EF-CC35E9EFB839.wav,1,noise_snr_10db,degraded,7.89480057901847,hnr,0.7138487980604483,,0,False
AH_545753015-58CAA743-BA9A-47E0-B9EF-CC35E9EFB839.wav,1,noise_snr_10db,enhanced,9.841466650395114,hnr,0.6513261031908817,,0,False
AH_545753015-58CAA743-BA9A-47E0-B9EF-CC35E9EFB839.wav,1,noise_snr_5db,degraded,3.8874570855816386,hnr,0.5600541364741232,,0,False
AH_545753015-58CAA743-BA9A-47E0-B9EF-CC35E9EFB839.wav,1,noise_snr_5db,enhanced,5.3769888166736655,hnr,0.5175503799959427,,0,False
AH_545753015-58CAA743-BA9A-47E0-B9EF-CC35E9EFB839.wav,1,noise_snr_0db,degraded,-0.2626728529880587,hnr,0.3875631535107477,,0,False
AH_545753015-58CAA743-BA9A-47E0-B9EF-CC35E9EFB839.wav,1,noise_snr_0db,enhanced,0.5343363285469646,hnr,0.4034165703051567,,0,False
AH_545753015-58CAA743-BA9A-47E0-B9EF-CC35E9EFB839.wav,1,noise_snr_-5db,degraded,-3.1149127234468623,hnr,0.25180933999505856,,1,True
AH_545753015-58CAA743-BA9A-47E0-B9EF-CC35E9EFB839.wav,1,reverb_mild_rt0.3,degraded,14.31560042005245,hnr,0.7547619924996248,,0,False
AH_545753015-58CAA743-BA9A-47E0-B9EF-CC35E9EFB839.wav,1,reverb_mild_rt0.3,enhanced,13.773100369605631,hnr,0.6433102587423832,,0,False
AH_545753015-58CAA743-BA9A-47E0-B9EF-CC35E9EFB839.wav,1,reverb_heavy_rt0.6,degraded,14.127053085312001,hnr,0.7989597042076066,,0,False
AH_545753015-58CAA743-BA9A-47E0-B9EF-CC35E9EFB839.wav,1,reverb_heavy_rt0.6,enhanced,14.149928173966602,hnr,0.6544566193100952,,0,False
AH_545753015-58CAA743-BA9A-47E0-B9EF-CC35E9EFB839.wav,1,compression_low,degraded,16.64375603175668,hnr,0.8247938705914615,,0,False
AH_545753015-58CAA743-BA9A-47E0-B9EF-CC35E9EFB839.wav,1,compression_low,enhanced,16.557163213456622,hnr,0.6317607946110698,,0,False
AH_545753015-58CAA743-BA9A-47E0-B9EF-CC35E9EFB839.wav,1,distance_quiet_-6db,degraded,15.961580406176422,hnr,0.999999999999994,,0,False
AH_545753015-58CAA743-BA9A-47E0-B9EF-CC35E9EFB839.wav,1,distance_quiet_-6db,enhanced,15.395623140088086,hnr,0.7533706421203941,,0,False
AH_545753015-58CAA743-BA9A-47E0-B9EF-CC35E9EFB839.wav,1,distance_far_-12db,degraded,15.96157085675678,hnr,0.9999999999999942,,0,False
AH_545753015-58CAA743-BA9A-47E0-B9EF-CC35E9EFB839.wav,1,distance_far_-12db,enhanced,15.395312860923857,hnr,0.7533715213952948,,0,False
AH_545847410-D1BA3BB4-1F61-44CA-ACDE-455A8E97E04B.wav,1,noise_snr_10db,degraded,7.5179583773756296,hnr,0.5713733424309426,,0,False
AH_545847410-D1BA3BB4-1F61-44CA-ACDE-455A8E97E04B.wav,1,noise_snr_10db,enhanced,9.600696120238242,hnr,0.4471390257655705,,0,False
AH_545847410-D1BA3BB4-1F61-44CA-ACDE-455A8E97E04B.wav,1,noise_snr_5db,degraded,3.387297847910118,hnr,0.4038768133037959,,0,False
AH_545847410-D1BA3BB4-1F61-44CA-ACDE-455A8E97E04B.wav,1,noise_snr_5db,enhanced,4.937242886544364,hnr,0.3833797483500026,,0,False
AH_545847410-D1BA3BB4-1F61-44CA-ACDE-455A8E97E04B.wav,1,noise_snr_0db,degraded,-0.6001056301511426,hnr,0.2857685323326134,,0,False
AH_545847410-D1BA3BB4-1F61-44CA-ACDE-455A8E97E04B.wav,1,noise_snr_0db,enhanced,-0.290305981247115,hnr,0.2931485872881789,,0,False
AH_545847410-D1BA3BB4-1F61-44CA-ACDE-455A8E97E04B.wav,1,noise_snr_-5db,degraded,-3.230154439578436,hnr,0.18273891002708034,,1,True
AH_545847410-D1BA3BB4-1F61-44CA-ACDE-455A8E97E04B.wav,1,noise_snr_-5db,enhanced,-2.5084335064985677,hnr,0.21252594077798018,,0,False
AH_545847410-D1BA3BB4-1F61-44CA-ACDE-455A8E97E04B.wav,1,reverb_mild_rt0.3,degraded,14.588625200894192,hnr,0.6672537181351613,,0,False
AH_545847410-D1BA3BB4-1F61-44CA-ACDE-455A8E97E04B.wav,1,reverb_mild_rt0.3,enhanced,35.22095489501953,silence_snr,0.5310636239094775,,0,False
AH_545847410-D1BA3BB4-1F61-44CA-ACDE-455A8E97E04B.wav,1,reverb_heavy_rt0.6,degraded,12.342044780560808,hnr,0.5912386175276759,,0,False
AH_545847410-D1BA3BB4-1F61-44CA-ACDE-455A8E97E04B.wav,1,reverb_heavy_rt0.6,enhanced,33.787452697753906,silence_snr,0.5060409584325869,,0,False
AH_545847410-D1BA3BB4-1F61-44CA-ACDE-455A8E97E04B.wav,1,compression_low,degraded,16.307096687306025,hnr,0.808764929168529,,1,True
AH_545847410-D1BA3BB4-1F61-44CA-ACDE-455A8E97E04B.wav,1,compression_low,enhanced,30.763750076293945,silence_snr,0.529406985578985,,0,False
AH_545847410-D1BA3BB4-1F61-44CA-ACDE-455A8E97E04B.wav,1,distance_quiet_-6db,degraded,16.765658289272743,hnr,0.999999999999957,,0,False
AH_545847410-D1BA3BB4-1F61-44CA-ACDE-455A8E97E04B.wav,1,distance_quiet_-6db,enhanced,32.645751953125,silence_snr,0.6621086939800999,,0,False
AH_545847410-D1BA3BB4-1F61-44CA-ACDE-455A8E97E04B.wav,1,distance_far_-12db,degraded,16.765668452278234,hnr,0.999999999999957,,0,False
AH_545847410-D1BA3BB4-1F61-44CA-ACDE-455A8E97E04B.wav,1,distance_far_-12db,enhanced,32.6776123046875,silence_snr,0.6620716671520406,,0,False
AH_545629296-C2C009C6-8C17-42EA-B6BE-362942FC4692.wav,1,noise_snr_10db,degraded,9.464884127511436,hnr,0.38391802427791655,,1,True
AH_545629296-C2C009C6-8C17-42EA-B6BE-362942FC4692.wav,1,noise_snr_10db,enhanced,10.092202481509757,hnr,0.27572920645173465,,0,False
AH_545629296-C2C009C6-8C17-42EA-B6BE-362942FC4692.wav,1,noise_snr_5db,degraded,5.1253562599596805,hnr,0.2587528869972775,,0,False
AH_545629296-C2C009C6-8C17-42EA-B6BE-362942FC4692.wav,1,noise_snr_5db,enhanced,5.689413098393231,hnr,0.19608299187125888,,0,False
AH_545629296-C2C009C6-8C17-42EA-B6BE-362942FC4692.wav,1,noise_snr_0db,degraded,0.5221451512780676,hnr,0.17814967552861574,,0,False
AH_545629296-C2C009C6-8C17-42EA-B6BE-362942FC4692.wav,1,noise_snr_0db,enhanced,1.3122879484499899,hnr,0.13142679845556943,,0,False
AH_545629296-C2C009C6-8C17-42EA-B6BE-362942FC4692.wav,1,noise_snr_-5db,degraded,-2.9017610036953623,hnr,0.0978753841279428,,1,True
AH_545629296-C2C009C6-8C17-42EA-B6BE-362942FC4692.wav,1,noise_snr_-5db,enhanced,-1.2681335709451147,hnr,0.07045245603637562,,0,False
AH_545629296-C2C009C6-8C17-42EA-B6BE-362942FC4692.wav,1,reverb_mild_rt0.3,degraded,19.490970978568786,hnr,0.7251136267840625,,1,True
AH_545629296-C2C009C6-8C17-42EA-B6BE-362942FC4692.wav,1,reverb_mild_rt0.3,enhanced,18.216338023348563,hnr,0.5640780543283446,,0,False
AH_545629296-C2C009C6-8C17-42EA-B6BE-362942FC4692.wav,1,reverb_heavy_rt0.6,degraded,15.759009960008928,hnr,0.6464995361292633,,0,False
AH_545629296-C2C009C6-8C17-42EA-B6BE-362942FC4692.wav,1,reverb_heavy_rt0.6,enhanced,15.64622148731506,hnr,0.5168585842390974,,0,False
AH_545629296-C2C009C6-8C17-42EA-B6BE-362942FC4692.wav,1,compression_low,degraded,20.104517623717754,hnr,0.8114925232648953,,1,True
AH_545629296-C2C009C6-8C17-42EA-B6BE-362942FC4692.wav,1,compression_low,enhanced,19.443397352553895,hnr,0.5077177755295605,,0,False
AH_545629296-C2C009C6-8C17-42EA-B6BE-362942FC4692.wav,1,distance_quiet_-6db,degraded,20.007239328649657,hnr,0.9999999999999226,,0,False
AH_545629296-C2C009C6-8C17-42EA-B6BE-362942FC4692.wav,1,distance_quiet_-6db,enhanced,18.94065888327828,hnr,0.6419226642910834,,0,False
AH_545629296-C2C009C6-8C17-42EA-B6BE-362942FC4692.wav,1,distance_far_-12db,degraded,20.007138568756496,hnr,0.9999999999999353,,0,False
AH_545629296-C2C009C6-8C17-42EA-B6BE-362942FC4692.wav,1,distance_far_-12db,enhanced,18.94117864092042,hnr,0.6419360605032598,,0,False
AH_545806325-8A17002B-CFD3-4DCF-8854-04F0F2BFF21B.wav,1,noise_snr_10db,degraded,9.759227598465728,hnr,0.5234091144883787,,0,False
AH_545806325-8A17002B-CFD3-4DCF-8854-04F0F2BFF21B.wav,1,noise_snr_10db,enhanced,8.97147894038648,hnr,0.3130445689483438,,0,False
AH_545806325-8A17002B-CFD3-4DCF-8854-04F0F2BFF21B.wav,1,noise_snr_5db,degraded,5.043033053006724,hnr,0.3063331920741492,,0,False
AH_545806325-8A17002B-CFD3-4DCF-8854-04F0F2BFF21B.wav,1,noise_snr_5db,enhanced,4.486455226042536,hnr,0.19143525333263786,,0,False
AH_545806325-8A17002B-CFD3-4DCF-8854-04F0F2BFF21B.wav,1,noise_snr_0db,degraded,0.5270097790944518,hnr,0.2069502702916391,,0,False
AH_545806325-8A17002B-CFD3-4DCF-8854-04F0F2BFF21B.wav,1,noise_snr_0db,enhanced,0.2929089473792318,hnr,0.15911627567173695,,0,False
AH_545806325-8A17002B-CFD3-4DCF-8854-04F0F2BFF21B.wav,1,noise_snr_-5db,degraded,-3.2208981383992756,hnr,0.10705583891080953,,1,True
AH_545806325-8A17002B-CFD3-4DCF-8854-04F0F2BFF21B.wav,1,reverb_mild_rt0.3,degraded,20.4303023393109,hnr,0.7204955306568768,,0,False
AH_545806325-8A17002B-CFD3-4DCF-8854-04F0F2BFF21B.wav,1,reverb_mild_rt0.3,enhanced,20.250123647137922,hnr,0.5129177157261148,,0,False
AH_545806325-8A17002B-CFD3-4DCF-8854-04F0F2BFF21B.wav,1,reverb_heavy_rt0.6,degraded,18.98005147448341,hnr,0.5377079981219391,,0,False
AH_545806325-8A17002B-CFD3-4DCF-8854-04F0F2BFF21B.wav,1,reverb_heavy_rt0.6,enhanced,18.516807991864194,hnr,0.4690196261728218,,0,False
AH_545806325-8A17002B-CFD3-4DCF-8854-04F0F2BFF21B.wav,1,compression_low,degraded,21.556745003142687,hnr,0.818245990540279,,1,True
AH_545806325-8A17002B-CFD3-4DCF-8854-04F0F2BFF21B.wav,1,compression_low,enhanced,21.097355061462736,hnr,0.4690796269166157,,0,False
AH_545806325-8A17002B-CFD3-4DCF-8854-04F0F2BFF21B.wav,1,distance_quiet_-6db,degraded,21.735951507886366,hnr,0.9999999999999579,,1,True
AH_545806325-8A17002B-CFD3-4DCF-8854-04F0F2BFF21B.wav,1,distance_quiet_-6db,enhanced,21.350175555945086,hnr,0.554999160533502,,0,False
AH_545806325-8A17002B-CFD3-4DCF-8854-04F0F2BFF21B.wav,1,distance_far_-12db,degraded,21.735779370628993,hnr,0.9999999999999524,,1,True
AH_545806325-8A17002B-CFD3-4DCF-8854-04F0F2BFF21B.wav,1,distance_far_-12db,enhanced,21.349577525176354,hnr,0.5552074024185155,,0,False
AH_545812846-0C14B32A-6C50-4B62-BC89-0A815C2DEEFA.wav,1,noise_snr_10db,degraded,5.504356744525047,hnr,0.5577621097017047,,1,True
AH_545812846-0C14B32A-6C50-4B62-BC89-0A815C2DEEFA.wav,1,noise_snr_10db,enhanced,25.02141571044922,silence_snr,0.5577087470430464,,0,False
AH_545812846-0C14B32A-6C50-4B62-BC89-0A815C2DEEFA.wav,1,noise_snr_5db,enhanced,7.4677529440961985,hnr,0.40403479432369516,,0,False
AH_545812846-0C14B32A-6C50-4B62-BC89-0A815C2DEEFA.wav,1,reverb_mild_rt0.3,degraded,10.102755907875956,hnr,0.7377972271437763,,0,False
AH_545812846-0C14B32A-6C50-4B62-BC89-0A815C2DEEFA.wav,1,reverb_mild_rt0.3,enhanced,52.62934875488281,silence_snr,0.6212454595222198,,0,False
AH_545812846-0C14B32A-6C50-4B62-BC89-0A815C2DEEFA.wav,1,reverb_heavy_rt0.6,degraded,8.727528027837977,hnr,0.7899821640488559,,0,False
AH_545812846-0C14B32A-6C50-4B62-BC89-0A815C2DEEFA.wav,1,reverb_heavy_rt0.6,enhanced,57.38593673706055,silence_snr,0.6461552968563983,,0,False
AH_545812846-0C14B32A-6C50-4B62-BC89-0A815C2DEEFA.wav,1,compression_low,degraded,12.516716413214978,hnr,0.8080093526234128,,1,True
AH_545812846-0C14B32A-6C50-4B62-BC89-0A815C2DEEFA.wav,1,compression_low,enhanced,46.28940200805664,silence_snr,0.6495124512349901,,0,False
AH_545812846-0C14B32A-6C50-4B62-BC89-0A815C2DEEFA.wav,1,distance_quiet_-6db,degraded,12.487014286345524,hnr,0.9999999999999846,,0,False
AH_545812846-0C14B32A-6C50-4B62-BC89-0A815C2DEEFA.wav,1,distance_quiet_-6db,enhanced,52.23179626464844,silence_snr,0.7438376451082498,,0,False
AH_545812846-0C14B32A-6C50-4B62-BC89-0A815C2DEEFA.wav,1,distance_far_-12db,degraded,12.487146878250847,hnr,0.999999999999986,,0,False
AH_545812846-0C14B32A-6C50-4B62-BC89-0A815C2DEEFA.wav,1,distance_far_-12db,enhanced,51.96338653564453,silence_snr,0.7421134101049381,,0,False
AH_545789690-DA26461A-AF40-4A43-9662-3A93EE872359.wav,1,noise_snr_10db,degraded,6.813929307997702,hnr,0.5590521027369693,,1,True
AH_545789690-DA26461A-AF40-4A43-9662-3A93EE872359.wav,1,noise_snr_10db,enhanced,24.11028289794922,silence_snr,0.3723197326261723,,0,False
AH_545789690-DA26461A-AF40-4A43-9662-3A93EE872359.wav,1,noise_snr_5db,degraded,2.1998077663255606,hnr,0.42743654364348166,,1,True
AH_545789690-DA26461A-AF40-4A43-9662-3A93EE872359.wav,1,noise_snr_5db,enhanced,20.294300079345703,silence_snr,0.3291800984929508,,0,False
AH_545789690-DA26461A-AF40-4A43-9662-3A93EE872359.wav,1,noise_snr_0db,enhanced,21.212970733642578,silence_snr,0.23820998239557772,,0,False
AH_545789690-DA26461A-AF40-4A43-9662-3A93EE872359.wav,1,reverb_mild_rt0.3,degraded,14.454748940513834,hnr,0.797219214597624,,1,True
AH_545789690-DA26461A-AF40-4A43-9662-3A93EE872359.wav,1,reverb_mild_rt0.3,enhanced,29.324071884155273,silence_snr,0.5227281690137215,,0,False
AH_545789690-DA26461A-AF40-4A43-9662-3A93EE872359.wav,1,reverb_heavy_rt0.6,degraded,13.506365473505758,hnr,0.7286230704797535,,0,False
AH_545789690-DA26461A-AF40-4A43-9662-3A93EE872359.wav,1,reverb_heavy_rt0.6,enhanced,28.980674743652344,silence_snr,0.5091550831667625,,0,False
AH_545789690-DA26461A-AF40-4A43-9662-3A93EE872359.wav,1,compression_low,degraded,13.565855107679685,hnr,0.7812615149425025,,1,True
AH_545789690-DA26461A-AF40-4A43-9662-3A93EE872359.wav,1,compression_low,enhanced,28.547115325927734,silence_snr,0.46009298503618506,,0,False
AH_545789690-DA26461A-AF40-4A43-9662-3A93EE872359.wav,1,distance_quiet_-6db,degraded,14.09273113527891,hnr,0.9999999999999793,,0,False
AH_545789690-DA26461A-AF40-4A43-9662-3A93EE872359.wav,1,distance_quiet_-6db,enhanced,26.59239959716797,silence_snr,0.5881433961059263,,0,False
AH_545789690-DA26461A-AF40-4A43-9662-3A93EE872359.wav,1,distance_far_-12db,degraded,14.092436156995364,hnr,0.9999999999999777,,0,False
AH_545789690-DA26461A-AF40-4A43-9662-3A93EE872359.wav,1,distance_far_-12db,enhanced,26.568737030029297,silence_snr,0.5881136478482581,,0,False
AH_545713222-DA13DC3A-F24B-454E-984F-19DF19328D39.wav,1,noise_snr_10db,degraded,6.294310238316997,hnr,0.5375478719524744,,1,True
AH_545713222-DA13DC3A-F24B-454E-984F-19DF19328D39.wav,1,noise_snr_10db,enhanced,12.410611677481103,hnr,0.4466289878781575,,0,False
AH_545713222-DA13DC3A-F24B-454E-984F-19DF19328D39.wav,1,noise_snr_5db,degraded,2.570261112911461,hnr,0.43574829704250395,,1,True
AH_545713222-DA13DC3A-F24B-454E-984F-19DF19328D39.wav,1,noise_snr_5db,enhanced,8.52772101188151,hnr,0.4128788472682028,,0,False
AH_545713222-DA13DC3A-F24B-454E-984F-19DF19328D39.wav,1,noise_snr_0db,degraded,-0.9295007322345499,hnr,0.2721111899972346,,0,False
AH_545713222-DA13DC3A-F24B-454E-984F-19DF19328D39.wav,1,noise_snr_0db,enhanced,1.426040324647058,hnr,0.2909018860429739,,0,False
AH_545713222-DA13DC3A-F24B-454E-984F-19DF19328D39.wav,1,reverb_mild_rt0.3,degraded,15.348389289595717,hnr,0.7790700185182032,,1,True
AH_545713222-DA13DC3A-F24B-454E-984F-19DF19328D39.wav,1,reverb_mild_rt0.3,enhanced,12.995548122909975,hnr,0.6540092492412563,,0,False
AH_545713222-DA13DC3A-F24B-454E-984F-19DF19328D39.wav,1,reverb_heavy_rt0.6,degraded,13.281194016240523,hnr,0.7055923417126678,,1,True
AH_545713222-DA13DC3A-F24B-454E-984F-19DF19328D39.wav,1,reverb_heavy_rt0.6,enhanced,12.351756838501823,hnr,0.6385188997135159,,0,False
AH_545713222-DA13DC3A-F24B-454E-984F-19DF19328D39.wav,1,compression_low,degraded,15.656700480040493,hnr,0.7574331719791453,,1,True
AH_545713222-DA13DC3A-F24B-454E-984F-19DF19328D39.wav,1,compression_low,enhanced,27.816028594970703,silence_snr,0.6033431825664454,,0,False
AH_545713222-DA13DC3A-F24B-454E-984F-19DF19328D39.wav,1,distance_quiet_-6db,degraded,16.465468723711247,hnr,0.9999999999999484,,0,False
AH_545713222-DA13DC3A-F24B-454E-984F-19DF19328D39.wav,1,distance_quiet_-6db,enhanced,27.861806869506836,silence_snr,0.7856845471040457,,0,False
AH_545713222-DA13DC3A-F24B-454E-984F-19DF19328D39.wav,1,distance_far_-12db,degraded,16.4650708047749,hnr,0.9999999999999538,,0,False
AH_545713222-DA13DC3A-F24B-454E-984F-19DF19328D39.wav,1,distance_far_-12db,enhanced,27.861576080322266,silence_snr,0.7856840822858963,,0,False
AH_545789682-7554E0C7-4E25-49C3-9E6C-04D525455E28.wav,1,noise_snr_10db,degraded,9.549788981093878,hnr,0.58170300293216,,0,False
AH_545789682-7554E0C7-4E25-49C3-9E6C-04D525455E28.wav,1,noise_snr_10db,enhanced,8.60646159760885,hnr,0.43855768426479746,,0,False
AH_545789682-7554E0C7-4E25-49C3-9E6C-04D525455E28.wav,1,noise_snr_5db,degraded,4.9295554109281365,hnr,0.4240428774365497,,0,False
AH_545789682-7554E0C7-4E25-49C3-9E6C-04D525455E28.wav,1,noise_snr_5db,enhanced,4.268981215371519,hnr,0.3537720894721708,,0,False
AH_545789682-7554E0C7-4E25-49C3-9E6C-04D525455E28.wav,1,noise_snr_0db,degraded,0.5432072710334623,hnr,0.2722155706198191,,0,False
AH_545789682-7554E0C7-4E25-49C3-9E6C-04D525455E28.wav,1,noise_snr_0db,enhanced,0.3040171490411354,hnr,0.18258132442050828,,0,False
AH_545789682-7554E0C7-4E25-49C3-9E6C-04D525455E28.wav,1,noise_snr_-5db,enhanced,-2.5913721536063554,hnr,0.13318982187650885,,0,False
AH_545789682-7554E0C7-4E25-49C3-9E6C-04D525455E28.wav,1,reverb_mild_rt0.3,degraded,16.843584334162294,hnr,0.603375455657267,,0,False
AH_545789682-7554E0C7-4E25-49C3-9E6C-04D525455E28.wav,1,reverb_mild_rt0.3,enhanced,16.526392887981057,hnr,0.5217259130063296,,0,False
AH_545789682-7554E0C7-4E25-49C3-9E6C-04D525455E28.wav,1,reverb_heavy_rt0.6,degraded,19.340706759007805,hnr,0.5121361162949452,,0,False
AH_545789682-7554E0C7-4E25-49C3-9E6C-04D525455E28.wav,1,reverb_heavy_rt0.6,enhanced,18.53795329792324,hnr,0.4324352807213886,,0,False
AH_545789682-7554E0C7-4E25-49C3-9E6C-04D525455E28.wav,1,compression_low,degraded,21.421033930219945,hnr,0.8229478109452877,,1,True
AH_545789682-7554E0C7-4E25-49C3-9E6C-04D525455E28.wav,1,compression_low,enhanced,20.456184133821022,hnr,0.4850327216774468,,0,False
AH_545789682-7554E0C7-4E25-49C3-9E6C-04D525455E28.wav,1,distance_quiet_-6db,degraded,22.063164391392817,hnr,0.9999999999998628,,0,False
AH_545789682-7554E0C7-4E25-49C3-9E6C-04D525455E28.wav,1,distance_quiet_-6db,enhanced,21.046748865209292,hnr,0.6271556459441868,,0,False
AH_545789682-7554E0C7-4E25-49C3-9E6C-04D525455E28.wav,1,distance_far_-12db,degraded,22.063260751168187,hnr,0.9999999999998812,,0,False
AH_545789682-7554E0C7-4E25-49C3-9E6C-04D525455E28.wav,1,distance_far_-12db,enhanced,21.04711310190485,hnr,0.6280097135454722,,0,False
AH_545806326-BD0FE665-1AD5-4F55-8342-0FAB8B15680B.wav,1,noise_snr_10db,degraded,6.761026530267843,hnr,0.5217898827791255,,1,True
AH_545806326-BD0FE665-1AD5-4F55-8342-0FAB8B15680B.wav,1,noise_snr_10db,enhanced,32.01607131958008,silence_snr,0.3900272804303196,,1,True
AH_545806326-BD0FE665-1AD5-4F55-8342-0FAB8B15680B.wav,1,noise_snr_5db,degraded,3.210878421039755,hnr,0.3782360511231908,,1,True
AH_545806326-BD0FE665-1AD5-4F55-8342-0FAB8B15680B.wav,1,noise_snr_5db,enhanced,26.969430923461914,silence_snr,0.29472110558890185,,0,False
AH_545806326-BD0FE665-1AD5-4F55-8342-0FAB8B15680B.wav,1,noise_snr_0db,enhanced,4.721882765459796,hnr,0.26020890707341504,,0,False
AH_545806326-BD0FE665-1AD5-4F55-8342-0FAB8B15680B.wav,1,noise_snr_-5db,degraded,-2.6890619937149203,hnr,0.1689909223852059,,1,True
AH_545806326-BD0FE665-1AD5-4F55-8342-0FAB8B15680B.wav,1,reverb_mild_rt0.3,degraded,16.109857900579872,hnr,0.8457022103121031,,1,True
AH_545806326-BD0FE665-1AD5-4F55-8342-0FAB8B15680B.wav,1,reverb_mild_rt0.3,enhanced,45.71369934082031,silence_snr,0.6049741133539593,,0,False
AH_545806326-BD0FE665-1AD5-4F55-8342-0FAB8B15680B.wav,1,reverb_heavy_rt0.6,degraded,18.163015338431716,hnr,0.7628312735004465,,1,True
AH_545806326-BD0FE665-1AD5-4F55-8342-0FAB8B15680B.wav,1,reverb_heavy_rt0.6,enhanced,48.08926010131836,silence_snr,0.5433299456696841,,1,True
AH_545806326-BD0FE665-1AD5-4F55-8342-0FAB8B15680B.wav,1,compression_low,degraded,18.397323558606548,hnr,0.8010170810588142,,1,True
AH_545806326-BD0FE665-1AD5-4F55-8342-0FAB8B15680B.wav,1,compression_low,enhanced,50.258872985839844,silence_snr,0.5275854428580461,,1,True
AH_545806326-BD0FE665-1AD5-4F55-8342-0FAB8B15680B.wav,1,distance_quiet_-6db,degraded,18.980934846672167,hnr,0.9999999999999728,,0,False
AH_545806326-BD0FE665-1AD5-4F55-8342-0FAB8B15680B.wav,1,distance_quiet_-6db,enhanced,46.35703659057617,silence_snr,0.6489690092057999,,0,False
AH_545806326-BD0FE665-1AD5-4F55-8342-0FAB8B15680B.wav,1,distance_far_-12db,degraded,18.9810853935412,hnr,0.9999999999999724,,0,False
AH_545806326-BD0FE665-1AD5-4F55-8342-0FAB8B15680B.wav,1,distance_far_-12db,enhanced,46.337669372558594,silence_snr,0.6489860596659874,,0,False
AH_545841223-24FB0419-5BAE-4F9C-8EBC-CD62DA6590D2.wav,1,noise_snr_10db,degraded,8.296748545818296,hnr,0.5396034427095069,,0,False
AH_545841223-24FB0419-5BAE-4F9C-8EBC-CD62DA6590D2.wav,1,noise_snr_10db,enhanced,27.48944091796875,silence_snr,0.5477807467171506,,0,False
AH_545841223-24FB0419-5BAE-4F9C-8EBC-CD62DA6590D2.wav,1,noise_snr_5db,degraded,3.2413945403931055,hnr,0.3976259559743129,,0,False
AH_545841223-24FB0419-5BAE-4F9C-8EBC-CD62DA6590D2.wav,1,noise_snr_5db,enhanced,20.189014434814453,silence_snr,0.42113011288294644,,0,False
AH_545841223-24FB0419-5BAE-4F9C-8EBC-CD62DA6590D2.wav,1,noise_snr_0db,degraded,-1.4856918108703097,hnr,0.2684927629839131,,0,False
AH_545841223-24FB0419-5BAE-4F9C-8EBC-CD62DA6590D2.wav,1,noise_snr_0db,enhanced,4.568198563944147,hnr,0.2948914376573656,,0,False
AH_545841223-24FB0419-5BAE-4F9C-8EBC-CD62DA6590D2.wav,1,noise_snr_-5db,enhanced,-0.4531790086179832,hnr,0.2265795930600292,,0,False
AH_545841223-24FB0419-5BAE-4F9C-8EBC-CD62DA6590D2.wav,1,reverb_mild_rt0.3,degraded,22.062129974365234,silence_snr,0.74169875819017,,0,False
AH_545841223-24FB0419-5BAE-4F9C-8EBC-CD62DA6590D2.wav,1,reverb_mild_rt0.3,enhanced,46.10222244262695,silence_snr,0.6344991886961073,,0,False
AH_545841223-24FB0419-5BAE-4F9C-8EBC-CD62DA6590D2.wav,1,reverb_heavy_rt0.6,degraded,21.72079086303711,silence_snr,0.6824207487657171,,0,False
AH_545841223-24FB0419-5BAE-4F9C-8EBC-CD62DA6590D2.wav,1,reverb_heavy_rt0.6,enhanced,49.09062194824219,silence_snr,0.6009859495229309,,0,False
AH_545841223-24FB0419-5BAE-4F9C-8EBC-CD62DA6590D2.wav,1,compression_low,degraded,22.31490707397461,silence_snr,0.7462090397709481,,1,True
AH_545841223-24FB0419-5BAE-4F9C-8EBC-CD62DA6590D2.wav,1,compression_low,enhanced,45.28520584106445,silence_snr,0.6263487461770797,,0,False
AH_545841223-24FB0419-5BAE-4F9C-8EBC-CD62DA6590D2.wav,1,distance_quiet_-6db,degraded,21.309085845947266,silence_snr,0.9999999999999901,,0,False
AH_545841223-24FB0419-5BAE-4F9C-8EBC-CD62DA6590D2.wav,1,distance_quiet_-6db,enhanced,49.271507263183594,silence_snr,0.734924091368092,,0,False
AH_545841223-24FB0419-5BAE-4F9C-8EBC-CD62DA6590D2.wav,1,distance_far_-12db,degraded,21.31049919128418,silence_snr,0.9999999999999899,,0,False
AH_545841223-24FB0419-5BAE-4F9C-8EBC-CD62DA6590D2.wav,1,distance_far_-12db,enhanced,48.76592254638672,silence_snr,0.7344610168027065,,0,False
AH_545789670-C297FD53-BF71-4183-86A0-58E5E1EB0DF8.wav,1,noise_snr_10db,degraded,8.099971877030999,hnr,0.6121647878055365,,0,False
AH_545789670-C297FD53-BF71-4183-86A0-58E5E1EB0DF8.wav,1,noise_snr_10db,enhanced,12.147500190335238,hnr,0.48011593387898954,,0,False
AH_545789670-C297FD53-BF71-4183-86A0-58E5E1EB0DF8.wav,1,noise_snr_5db,degraded,3.7864291948744677,hnr,0.4708131017934365,,0,False
AH_545789670-C297FD53-BF71-4183-86A0-58E5E1EB0DF8.wav,1,noise_snr_5db,enhanced,8.50058961134785,hnr,0.38903051096728086,,0,False
AH_545789670-C297FD53-BF71-4183-86A0-58E5E1EB0DF8.wav,1,noise_snr_0db,degraded,-0.08340791890588856,hnr,0.34675240997750667,,0,False
AH_545789670-C297FD53-BF71-4183-86A0-58E5E1EB0DF8.wav,1,noise_snr_0db,enhanced,2.8973257731861546,hnr,0.3289026787186412,,0,False
AH_545789670-C297FD53-BF71-4183-86A0-58E5E1EB0DF8.wav,1,reverb_mild_rt0.3,degraded,14.763173010809652,hnr,0.7854732588578703,,0,False
AH_545789670-C297FD53-BF71-4183-86A0-58E5E1EB0DF8.wav,1,reverb_mild_rt0.3,enhanced,13.893731815059672,hnr,0.5994195851090728,,0,False
AH_545789670-C297FD53-BF71-4183-86A0-58E5E1EB0DF8.wav,1,reverb_heavy_rt0.6,degraded,13.42598628720431,hnr,0.7068159754528701,,0,False
AH_545789670-C297FD53-BF71-4183-86A0-58E5E1EB0DF8.wav,1,reverb_heavy_rt0.6,enhanced,12.003241414395251,hnr,0.5748124795944388,,0,False
AH_545789670-C297FD53-BF71-4183-86A0-58E5E1EB0DF8.wav,1,compression_low,degraded,17.1843621016906,hnr,0.7867577390546954,,1,True
AH_545789670-C297FD53-BF71-4183-86A0-58E5E1EB0DF8.wav,1,compression_low,enhanced,17.087161545320665,hnr,0.5441899423466555,,0,False
AH_545789670-C297FD53-BF71-4183-86A0-58E5E1EB0DF8.wav,1,distance_quiet_-6db,degraded,17.762936358417374,hnr,0.9999999999999029,,0,False
AH_545789670-C297FD53-BF71-4183-86A0-58E5E1EB0DF8.wav,1,distance_quiet_-6db,enhanced,17.122159114528422,hnr,0.6789994419754342,,0,False
AH_545789670-C297FD53-BF71-4183-86A0-58E5E1EB0DF8.wav,1,distance_far_-12db,degraded,17.76295708871708,hnr,0.9999999999998959,,0,False
AH_545789670-C297FD53-BF71-4183-86A0-58E5E1EB0DF8.wav,1,distance_far_-12db,enhanced,17.122310328840115,hnr,0.6789762521315501,,0,False
AH_545789675-243F18DB-4432-4C87-B12C-6EEC2D2D30D6.wav,1,noise_snr_10db,degraded,8.422454131034414,hnr,0.5541179097918169,,1,True
AH_545789675-243F18DB-4432-4C87-B12C-6EEC2D2D30D6.wav,1,noise_snr_10db,enhanced,29.46192741394043,silence_snr,0.5068206239755096,,0,False
AH_545789675-243F18DB-4432-4C87-B12C-6EEC2D2D30D6.wav,1,noise_snr_5db,degraded,3.07002238550542,hnr,0.39833784610106815,,0,False
AH_545789675-243F18DB-4432-4C87-B12C-6EEC2D2D30D6.wav,1,noise_snr_5db,enhanced,6.546828043885266,hnr,0.3875490814633773,,0,False
AH_545789675-243F18DB-4432-4C87-B12C-6EEC2D2D30D6.wav,1,noise_snr_0db,degraded,-0.6236346708959577,hnr,0.27976499594326054,,0,False
AH_545789675-243F18DB-4432-4C87-B12C-6EEC2D2D30D6.wav,1,noise_snr_0db,enhanced,2.439442270403974,hnr,0.32896416942332496,,0,False
AH_545789675-243F18DB-4432-4C87-B12C-6EEC2D2D30D6.wav,1,noise_snr_-5db,degraded,-3.209457087136568,hnr,0.16103846228307991,,0,False
AH_545789675-243F18DB-4432-4C87-B12C-6EEC2D2D30D6.wav,1,noise_snr_-5db,enhanced,-1.5121128129873491,hnr,0.21190875717258048,,0,False
AH_545789675-243F18DB-4432-4C87-B12C-6EEC2D2D30D6.wav,1,reverb_mild_rt0.3,degraded,18.214250918728087,hnr,0.7805276194963578,,0,False
AH_545789675-243F18DB-4432-4C87-B12C-6EEC2D2D30D6.wav,1,reverb_mild_rt0.3,enhanced,42.74488067626953,silence_snr,0.5984426972244579,,0,False
AH_545789675-243F18DB-4432-4C87-B12C-6EEC2D2D30D6.wav,1,reverb_heavy_rt0.6,degraded,17.786767198071423,hnr,0.7279082274303759,,0,False
AH_545789675-243F18DB-4432-4C87-B12C-6EEC2D2D30D6.wav,1,reverb_heavy_rt0.6,enhanced,40.376564025878906,silence_snr,0.6072467530698239,,0,False
AH_545789675-243F18DB-4432-4C87-B12C-6EEC2D2D30D6.wav,1,compression_low,degraded,17.775199380477318,hnr,0.8098475939803134,,1,True
AH_545789675-243F18DB-4432-4C87-B12C-6EEC2D2D30D6.wav,1,compression_low,enhanced,43.05220031738281,silence_snr,0.6121034651937546,,0,False
AH_545789675-243F18DB-4432-4C87-B12C-6EEC2D2D30D6.wav,1,distance_quiet_-6db,degraded,19.075870804223108,hnr,0.9999999999999778,,0,False
AH_545789675-243F18DB-4432-4C87-B12C-6EEC2D2D30D6.wav,1,distance_quiet_-6db,enhanced,39.52079772949219,silence_snr,0.7081018874452809,,0,False
AH_545789675-243F18DB-4432-4C87-B12C-6EEC2D2D30D6.wav,1,distance_far_-12db,degraded,19.076002053932477,hnr,0.9999999999999758,,0,False
AH_545789675-243F18DB-4432-4C87-B12C-6EEC2D2D30D6.wav,1,distance_far_-12db,enhanced,39.508941650390625,silence_snr,0.7080388961156481,,0,False
AH_545841226-C699FC9E-1E0C-474D-A12A-936DD92B8980.wav,1,noise_snr_10db,degraded,7.504924094287374,hnr,0.4881733927137855,,1,True
AH_545841226-C699FC9E-1E0C-474D-A12A-936DD92B8980.wav,1,noise_snr_10db,enhanced,28.86221694946289,silence_snr,0.31107216551372,,0,False
AH_545841226-C699FC9E-1E0C-474D-A12A-936DD92B8980.wav,1,noise_snr_5db,degraded,1.0511144054683559,hnr,0.34241181148318134,,1,True
AH_545841226-C699FC9E-1E0C-474D-A12A-936DD92B8980.wav,1,noise_snr_5db,enhanced,24.285715103149414,silence_snr,0.20971962246186038,,0,False
AH_545841226-C699FC9E-1E0C-474D-A12A-936DD92B8980.wav,1,noise_snr_0db,degraded,-1.7193495427661338,hnr,0.21519116525735293,,0,False
AH_545841226-C699FC9E-1E0C-474D-A12A-936DD92B8980.wav,1,noise_snr_0db,enhanced,23.11713981628418,silence_snr,0.1760471827421025,,0,False
AH_545841226-C699FC9E-1E0C-474D-A12A-936DD92B8980.wav,1,noise_snr_-5db,degraded,-3.438091128933923,hnr,0.13132073971228492,,0,False
AH_545841226-C699FC9E-1E0C-474D-A12A-936DD92B8980.wav,1,noise_snr_-5db,enhanced,20.12300682067871,silence_snr,0.08731027001855891,,0,False
AH_545841226-C699FC9E-1E0C-474D-A12A-936DD92B8980.wav,1,reverb_mild_rt0.3,degraded,17.424505517232394,hnr,0.8319706360192045,,1,True
AH_545841226-C699FC9E-1E0C-474D-A12A-936DD92B8980.wav,1,reverb_mild_rt0.3,enhanced,47.49639129638672,silence_snr,0.4968904546044112,,0,False
AH_545841226-C699FC9E-1E0C-474D-A12A-936DD92B8980.wav,1,reverb_heavy_rt0.6,degraded,14.988431576152855,hnr,0.7316877839886013,,1,True
AH_545841226-C699FC9E-1E0C-474D-A12A-936DD92B8980.wav,1,reverb_heavy_rt0.6,enhanced,45.603660583496094,silence_snr,0.4833420176864663,,0,False
AH_545841226-C699FC9E-1E0C-474D-A12A-936DD92B8980.wav,1,compression_low,degraded,17.079637046048784,hnr,0.7115330330464753,,1,True
AH_545841226-C699FC9E-1E0C-474D-A12A-936DD92B8980.wav,1,compression_low,enhanced,39.02912902832031,silence_snr,0.3824890877364092,,0,False
AH_545841226-C699FC9E-1E0C-474D-A12A-936DD92B8980.wav,1,distance_quiet_-6db,degraded,19.0451901203136,hnr,0.9999999999999755,,0,False
AH_545841226-C699FC9E-1E0C-474D-A12A-936DD92B8980.wav,1,distance_quiet_-6db,enhanced,47.39714050292969,silence_snr,0.5201226666294174,,0,False
AH_545841226-C699FC9E-1E0C-474D-A12A-936DD92B8980.wav,1,distance_far_-12db,degraded,19.046060698863844,hnr,0.9999999999999836,,0,False
AH_545841226-C699FC9E-1E0C-474D-A12A-936DD92B8980.wav,1,distance_far_-12db,enhanced,46.87510681152344,silence_snr,0.5204983813970114,,0,False
AH_469Z_5BB05B2C-39C4-434D-9445-244E7580F840.wav,0,noise_snr_10db,degraded,6.102016550727733,hnr,0.5753072348149584,,0,True
AH_469Z_5BB05B2C-39C4-434D-9445-244E7580F840.wav,0,noise_snr_10db,enhanced,8.843486403406823,hnr,0.4512449749602614,,0,True
AH_469Z_5BB05B2C-39C4-434D-9445-244E7580F840.wav,0,noise_snr_5db,degraded,2.6688862829092774,hnr,0.4177054372464396,,0,True
AH_469Z_5BB05B2C-39C4-434D-9445-244E7580F840.wav,0,noise_snr_5db,enhanced,5.653735188071045,hnr,0.3415461554226879,,0,True
AH_469Z_5BB05B2C-39C4-434D-9445-244E7580F840.wav,0,reverb_mild_rt0.3,degraded,10.166458724912285,hnr,0.7439811568116573,,0,True
AH_469Z_5BB05B2C-39C4-434D-9445-244E7580F840.wav,0,reverb_mild_rt0.3,enhanced,21.334701538085938,silence_snr,0.5811120398270976,,0,True
AH_469Z_5BB05B2C-39C4-434D-9445-244E7580F840.wav,0,reverb_heavy_rt0.6,degraded,10.808922756983112,hnr,0.7684503462472475,,0,True
AH_469Z_5BB05B2C-39C4-434D-9445-244E7580F840.wav,0,reverb_heavy_rt0.6,enhanced,24.367534637451172,silence_snr,0.5890643097245708,,0,True
AH_469Z_5BB05B2C-39C4-434D-9445-244E7580F840.wav,0,compression_low,degraded,13.18618330469137,hnr,0.7966015176561653,,0,True
AH_469Z_5BB05B2C-39C4-434D-9445-244E7580F840.wav,0,compression_low,enhanced,22.57077407836914,silence_snr,0.6029947298998755,,0,True
AH_469Z_5BB05B2C-39C4-434D-9445-244E7580F840.wav,0,distance_quiet_-6db,degraded,13.079368027513915,hnr,0.9999999999999784,,0,True
AH_469Z_5BB05B2C-39C4-434D-9445-244E7580F840.wav,0,distance_quiet_-6db,enhanced,22.26283836364746,silence_snr,0.7409990749514952,,0,True
AH_469Z_5BB05B2C-39C4-434D-9445-244E7580F840.wav,0,distance_far_-12db,degraded,13.079487503827123,hnr,0.9999999999999801,,0,True
AH_469Z_5BB05B2C-39C4-434D-9445-244E7580F840.wav,0,distance_far_-12db,enhanced,22.26407241821289,silence_snr,0.7409638906779216,,0,True
AH_121A_BD5BA248-E807-4CB9-8B53-47E7FFE5F8E2.wav,0,noise_snr_10db,degraded,9.888437385330997,hnr,0.50637947855912,,0,True
AH_121A_BD5BA248-E807-4CB9-8B53-47E7FFE5F8E2.wav,0,noise_snr_10db,enhanced,8.71276976627077,hnr,0.3797503558722314,,0,True
AH_121A_BD5BA248-E807-4CB9-8B53-47E7FFE5F8E2.wav,0,noise_snr_5db,degraded,5.321913225517499,hnr,0.35756627137509145,,0,True
AH_121A_BD5BA248-E807-4CB9-8B53-47E7FFE5F8E2.wav,0,noise_snr_5db,enhanced,4.514682209208406,hnr,0.27225098387518876,,0,True
AH_121A_BD5BA248-E807-4CB9-8B53-47E7FFE5F8E2.wav,0,noise_snr_-5db,degraded,-2.902118447440118,hnr,0.11326177417522057,,1,False
AH_121A_BD5BA248-E807-4CB9-8B53-47E7FFE5F8E2.wav,0,reverb_mild_rt0.3,degraded,18.943673846556678,hnr,0.5517942242171584,,0,True
AH_121A_BD5BA248-E807-4CB9-8B53-47E7FFE5F8E2.wav,0,reverb_mild_rt0.3,enhanced,17.404528931548494,hnr,0.4185912303030875,,0,True
AH_121A_BD5BA248-E807-4CB9-8B53-47E7FFE5F8E2.wav,0,reverb_heavy_rt0.6,degraded,22.260836268480542,hnr,0.7076154379942947,,0,True
AH_121A_BD5BA248-E807-4CB9-8B53-47E7FFE5F8E2.wav,0,reverb_heavy_rt0.6,enhanced,21.134502482959952,hnr,0.49293697516790963,,0,True
AH_121A_BD5BA248-E807-4CB9-8B53-47E7FFE5F8E2.wav,0,compression_low,degraded,22.115204293391542,hnr,0.7820370271777733,,0,True
AH_121A_BD5BA248-E807-4CB9-8B53-47E7FFE5F8E2.wav,0,compression_low,enhanced,21.11788560347841,hnr,0.4175578545609441,,0,True
AH_121A_BD5BA248-E807-4CB9-8B53-47E7FFE5F8E2.wav,0,distance_quiet_-6db,degraded,22.675056602264494,hnr,0.9999999999999177,,0,True
AH_121A_BD5BA248-E807-4CB9-8B53-47E7FFE5F8E2.wav,0,distance_quiet_-6db,enhanced,21.66515985817411,hnr,0.5599840904113847,,0,True
AH_121A_BD5BA248-E807-4CB9-8B53-47E7FFE5F8E2.wav,0,distance_far_-12db,degraded,22.67510073616429,hnr,0.9999999999999224,,0,True
AH_121A_BD5BA248-E807-4CB9-8B53-47E7FFE5F8E2.wav,0,distance_far_-12db,enhanced,21.664362239532043,hnr,0.5599585505771381,,0,True
AH_322A_C3BF5535-A11E-498E-94EB-BE7E74099FFB.wav,0,noise_snr_10db,degraded,9.055137376757541,hnr,0.41724949626505936,,0,True
AH_322A_C3BF5535-A11E-498E-94EB-BE7E74099FFB.wav,0,noise_snr_10db,enhanced,10.24522312030814,hnr,0.21581359945221903,,0,True
AH_322A_C3BF5535-A11E-498E-94EB-BE7E74099FFB.wav,0,noise_snr_5db,degraded,4.5549690798095215,hnr,0.2807349684253114,,0,True
AH_322A_C3BF5535-A11E-498E-94EB-BE7E74099FFB.wav,0,noise_snr_5db,enhanced,5.600459159932152,hnr,0.1613449218494267,,0,True
AH_322A_C3BF5535-A11E-498E-94EB-BE7E74099FFB.wav,0,noise_snr_0db,degraded,0.06266517639432745,hnr,0.1703106296830139,,0,True
AH_322A_C3BF5535-A11E-498E-94EB-BE7E74099FFB.wav,0,noise_snr_0db,enhanced,0.8376645365683382,hnr,0.0772304616530617,,0,True
AH_322A_C3BF5535-A11E-498E-94EB-BE7E74099FFB.wav,0,noise_snr_-5db,degraded,-3.5961754273323057,hnr,0.08121828364734174,,0,True
AH_322A_C3BF5535-A11E-498E-94EB-BE7E74099FFB.wav,0,reverb_mild_rt0.3,degraded,15.116329772987964,hnr,0.6106738211977851,,0,True
AH_322A_C3BF5535-A11E-498E-94EB-BE7E74099FFB.wav,0,reverb_mild_rt0.3,enhanced,13.88250598395925,hnr,0.41273562514761786,,0,True
AH_322A_C3BF5535-A11E-498E-94EB-BE7E74099FFB.wav,0,reverb_heavy_rt0.6,degraded,14.693691134216325,hnr,0.5820045784418997,,0,True
AH_322A_C3BF5535-A11E-498E-94EB-BE7E74099FFB.wav,0,reverb_heavy_rt0.6,enhanced,14.172819873015175,hnr,0.40538809211672033,,0,True
AH_322A_C3BF5535-A11E-498E-94EB-BE7E74099FFB.wav,0,compression_low,degraded,18.450294078746044,hnr,0.7603308888336764,,0,True
AH_322A_C3BF5535-A11E-498E-94EB-BE7E74099FFB.wav,0,compression_low,enhanced,17.813391882121792,hnr,0.3459842960333532,,0,True
AH_322A_C3BF5535-A11E-498E-94EB-BE7E74099FFB.wav,0,distance_quiet_-6db,degraded,18.840905759008777,hnr,0.9999999999998375,,0,True
AH_322A_C3BF5535-A11E-498E-94EB-BE7E74099FFB.wav,0,distance_quiet_-6db,enhanced,17.86622239302628,hnr,0.4811392276442409,,0,True
AH_322A_C3BF5535-A11E-498E-94EB-BE7E74099FFB.wav,0,distance_far_-12db,degraded,18.840841769226824,hnr,0.9999999999998362,,0,True
AH_322A_C3BF5535-A11E-498E-94EB-BE7E74099FFB.wav,0,distance_far_-12db,enhanced,17.866613816907726,hnr,0.4812716989789788,,0,True
AH_325J_7F5F27AA-5A93-43CF-AB17-FC53940BF4B0.wav,0,noise_snr_10db,degraded,9.571605132386003,hnr,0.590601977017705,,0,True
AH_325J_7F5F27AA-5A93-43CF-AB17-FC53940BF4B0.wav,0,noise_snr_10db,enhanced,9.320454561000135,hnr,0.45519777516166,,0,True
AH_325J_7F5F27AA-5A93-43CF-AB17-FC53940BF4B0.wav,0,noise_snr_5db,degraded,5.1664253392386446,hnr,0.3981656385857124,,0,True
AH_325J_7F5F27AA-5A93-43CF-AB17-FC53940BF4B0.wav,0,noise_snr_5db,enhanced,4.89829071202044,hnr,0.3493960614295906,,0,True
AH_325J_7F5F27AA-5A93-43CF-AB17-FC53940BF4B0.wav,0,noise_snr_0db,degraded,0.5391368648409776,hnr,0.24341591080515826,,0,True
AH_325J_7F5F27AA-5A93-43CF-AB17-FC53940BF4B0.wav,0,noise_snr_0db,enhanced,0.42263894660604,hnr,0.20788877911395812,,0,True
AH_325J_7F5F27AA-5A93-43CF-AB17-FC53940BF4B0.wav,0,noise_snr_-5db,degraded,-3.081253916931045,hnr,0.10411601307686745,,1,False
AH_325J_7F5F27AA-5A93-43CF-AB17-FC53940BF4B0.wav,0,noise_snr_-5db,enhanced,-2.7549447704433065,hnr,0.060545192351161,,0,True
AH_325J_7F5F27AA-5A93-43CF-AB17-FC53940BF4B0.wav,0,reverb_mild_rt0.3,degraded,17.485997181804958,hnr,0.4976852810980294,,0,True
AH_325J_7F5F27AA-5A93-43CF-AB17-FC53940BF4B0.wav,0,reverb_mild_rt0.3,enhanced,17.270862710294104,hnr,0.37602891170269814,,0,True
AH_325J_7F5F27AA-5A93-43CF-AB17-FC53940BF4B0.wav,0,reverb_heavy_rt0.6,degraded,16.938491838825772,hnr,0.46684696037143975,,0,True
AH_325J_7F5F27AA-5A93-43CF-AB17-FC53940BF4B0.wav,0,reverb_heavy_rt0.6,enhanced,16.677287557419003,hnr,0.38700686816627805,,0,True
AH_325J_7F5F27AA-5A93-43CF-AB17-FC53940BF4B0.wav,0,compression_low,degraded,19.403224412570047,hnr,0.8302145847484327,,0,True
AH_325J_7F5F27AA-5A93-43CF-AB17-FC53940BF4B0.wav,0,compression_low,enhanced,18.87226969928951,hnr,0.38255843593524963,,0,True
AH_325J_7F5F27AA-5A93-43CF-AB17-FC53940BF4B0.wav,0,distance_quiet_-6db,degraded,19.473436917294812,hnr,0.9999999999999504,,0,True
AH_325J_7F5F27AA-5A93-43CF-AB17-FC53940BF4B0.wav,0,distance_quiet_-6db,enhanced,19.016678345000887,hnr,0.5266938095763688,,0,True
AH_325J_7F5F27AA-5A93-43CF-AB17-FC53940BF4B0.wav,0,distance_far_-12db,degraded,19.47351671577506,hnr,0.9999999999999352,,0,True
AH_325J_7F5F27AA-5A93-43CF-AB17-FC53940BF4B0.wav,0,distance_far_-12db,enhanced,19.016648750702075,hnr,0.5267233400537984,,0,True
AH_888A_7F1444B0-B12C-4B55-AF2A-463395DCAF3C.wav,0,noise_snr_10db,degraded,5.1965500234355595,hnr,0.7304104410694072,,0,True
AH_888A_7F1444B0-B12C-4B55-AF2A-463395DCAF3C.wav,0,noise_snr_10db,enhanced,5.538533097706478,hnr,0.6472108384709598,,0,True
AH_888A_7F1444B0-B12C-4B55-AF2A-463395DCAF3C.wav,0,noise_snr_5db,degraded,2.3858537410430722,hnr,0.5979326972369512,,0,True
AH_888A_7F1444B0-B12C-4B55-AF2A-463395DCAF3C.wav,0,noise_snr_5db,enhanced,2.6238947614011314,hnr,0.5425683620972217,,0,True
AH_888A_7F1444B0-B12C-4B55-AF2A-463395DCAF3C.wav,0,noise_snr_0db,degraded,-1.127131369498669,hnr,0.468245770796845,,0,True
AH_888A_7F1444B0-B12C-4B55-AF2A-463395DCAF3C.wav,0,noise_snr_0db,enhanced,-0.6828375713036653,hnr,0.4344746738163328,,0,True
AH_888A_7F1444B0-B12C-4B55-AF2A-463395DCAF3C.wav,0,noise_snr_-5db,degraded,-3.668158630474927,hnr,0.2743660262594341,,0,True
AH_888A_7F1444B0-B12C-4B55-AF2A-463395DCAF3C.wav,0,noise_snr_-5db,enhanced,-2.5257080540166195,hnr,0.2596639501631647,,0,True
AH_888A_7F1444B0-B12C-4B55-AF2A-463395DCAF3C.wav,0,reverb_mild_rt0.3,degraded,5.460091007651925,hnr,0.7067946711783208,,0,True
AH_888A_7F1444B0-B12C-4B55-AF2A-463395DCAF3C.wav,0,reverb_mild_rt0.3,enhanced,5.586340737519156,hnr,0.6351739759340247,,0,True
AH_888A_7F1444B0-B12C-4B55-AF2A-463395DCAF3C.wav,0,reverb_heavy_rt0.6,degraded,5.454960456185794,hnr,0.6991206553553345,,0,True
AH_888A_7F1444B0-B12C-4B55-AF2A-463395DCAF3C.wav,0,reverb_heavy_rt0.6,enhanced,5.338061385742423,hnr,0.6388187133353305,,0,True
AH_888A_7F1444B0-B12C-4B55-AF2A-463395DCAF3C.wav,0,compression_low,degraded,8.395691422996665,hnr,0.8430794696249588,,0,True
AH_888A_7F1444B0-B12C-4B55-AF2A-463395DCAF3C.wav,0,compression_low,enhanced,8.369566664444287,hnr,0.6860143851091823,,0,True
AH_888A_7F1444B0-B12C-4B55-AF2A-463395DCAF3C.wav,0,distance_quiet_-6db,degraded,8.303297937770067,hnr,0.999999999999985,,0,True
AH_888A_7F1444B0-B12C-4B55-AF2A-463395DCAF3C.wav,0,distance_quiet_-6db,enhanced,8.257961797757591,hnr,0.8153879602694908,,0,True
AH_888A_7F1444B0-B12C-4B55-AF2A-463395DCAF3C.wav,0,distance_far_-12db,degraded,8.303250666708092,hnr,0.9999999999999837,,0,True
AH_888A_7F1444B0-B12C-4B55-AF2A-463395DCAF3C.wav,0,distance_far_-12db,enhanced,8.258129012522781,hnr,0.8154045649325034,,0,True
AH_777R_A36CF7FA-37FD-483E-98FE-040942B1DF49.wav,0,noise_snr_10db,degraded,9.489606722130045,hnr,0.5571861791588131,,0,True
AH_777R_A36CF7FA-37FD-483E-98FE-040942B1DF49.wav,0,noise_snr_10db,enhanced,10.421455629712767,hnr,0.288011698547049,,0,True
AH_777R_A36CF7FA-37FD-483E-98FE-040942B1DF49.wav,0,noise_snr_5db,degraded,4.9745985879332935,hnr,0.4186396026308125,,0,True
AH_777R_A36CF7FA-37FD-483E-98FE-040942B1DF49.wav,0,noise_snr_5db,enhanced,5.080207823884503,hnr,0.2717050846008795,,0,True
AH_777R_A36CF7FA-37FD-483E-98FE-040942B1DF49.wav,0,noise_snr_0db,degraded,0.5561963181334603,hnr,0.2640615729571515,,0,True
AH_777R_A36CF7FA-37FD-483E-98FE-040942B1DF49.wav,0,noise_snr_0db,enhanced,0.6096931462976739,hnr,0.11973487134333075,,0,True
AH_777R_A36CF7FA-37FD-483E-98FE-040942B1DF49.wav,0,noise_snr_-5db,degraded,-2.6893889584838218,hnr,0.12728279283269964,,0,True
AH_777R_A36CF7FA-37FD-483E-98FE-040942B1DF49.wav,0,noise_snr_-5db,enhanced,-1.6928464569841373,hnr,0.01777113268289046,,0,True
AH_777R_A36CF7FA-37FD-483E-98FE-040942B1DF49.wav,0,reverb_mild_rt0.3,degraded,19.04314085733464,hnr,0.6142175471046647,,0,True
AH_777R_A36CF7FA-37FD-483E-98FE-040942B1DF49.wav,0,reverb_mild_rt0.3,enhanced,17.737784863080893,hnr,0.40203583427063166,,0,True
AH_777R_A36CF7FA-37FD-483E-98FE-040942B1DF49.wav,0,reverb_heavy_rt0.6,degraded,18.21221815148225,hnr,0.5359274868537303,,0,True
AH_777R_A36CF7FA-37FD-483E-98FE-040942B1DF49.wav,0,reverb_heavy_rt0.6,enhanced,17.582632665259958,hnr,0.3853607304173766,,0,True
AH_777R_A36CF7FA-37FD-483E-98FE-040942B1DF49.wav,0,compression_low,degraded,20.93992987145811,hnr,0.794345158013907,,0,True
AH_777R_A36CF7FA-37FD-483E-98FE-040942B1DF49.wav,0,compression_low,enhanced,20.21226956537107,hnr,0.36657684115531125,,0,True
AH_777R_A36CF7FA-37FD-483E-98FE-040942B1DF49.wav,0,distance_quiet_-6db,degraded,21.24485670289199,hnr,0.9999999999999158,,0,True
AH_777R_A36CF7FA-37FD-483E-98FE-040942B1DF49.wav,0,distance_quiet_-6db,enhanced,20.2079484262722,hnr,0.525075443073875,,0,True
AH_777R_A36CF7FA-37FD-483E-98FE-040942B1DF49.wav,0,distance_far_-12db,degraded,21.244934053376284,hnr,0.999999999999916,,0,True
AH_777R_A36CF7FA-37FD-483E-98FE-040942B1DF49.wav,0,distance_far_-12db,enhanced,20.182989854087612,hnr,0.525149809457025,,0,True
AH_222K_FC9D2763-1836-460B-954F-37F23D6CD81D.wav,0,noise_snr_10db,degraded,6.471910389055287,hnr,0.5150744084167045,,0,True
AH_222K_FC9D2763-1836-460B-954F-37F23D6CD81D.wav,0,noise_snr_10db,enhanced,5.662982741329021,hnr,0.4839689614971008,,0,True
AH_222K_FC9D2763-1836-460B-954F-37F23D6CD81D.wav,0,noise_snr_5db,degraded,3.313924852923134,hnr,0.33561839652809505,,0,True
AH_222K_FC9D2763-1836-460B-954F-37F23D6CD81D.wav,0,noise_snr_5db,enhanced,2.5908410251141323,hnr,0.3068093391025179,,0,True
AH_222K_FC9D2763-1836-460B-954F-37F23D6CD81D.wav,0,noise_snr_0db,degraded,-0.6092594510723215,hnr,0.25625344326649807,,0,True
AH_222K_FC9D2763-1836-460B-954F-37F23D6CD81D.wav,0,noise_snr_0db,enhanced,-0.771062985673589,hnr,0.2556051561115058,,0,True
AH_222K_FC9D2763-1836-460B-954F-37F23D6CD81D.wav,0,reverb_mild_rt0.3,degraded,8.35208122720656,hnr,0.7280991228059223,,0,True
AH_222K_FC9D2763-1836-460B-954F-37F23D6CD81D.wav,0,reverb_mild_rt0.3,enhanced,8.24492604009557,hnr,0.656374906281182,,0,True
AH_222K_FC9D2763-1836-460B-954F-37F23D6CD81D.wav,0,reverb_heavy_rt0.6,degraded,6.717016334183362,hnr,0.7114773222559363,,0,True
AH_222K_FC9D2763-1836-460B-954F-37F23D6CD81D.wav,0,reverb_heavy_rt0.6,enhanced,6.532985941076087,hnr,0.6524245484256607,,0,True
AH_222K_FC9D2763-1836-460B-954F-37F23D6CD81D.wav,0,compression_low,degraded,11.526198110037443,hnr,0.7899694079504636,,0,True
AH_222K_FC9D2763-1836-460B-954F-37F23D6CD81D.wav,0,compression_low,enhanced,11.188860122299547,hnr,0.6893338882874193,,0,True
AH_222K_FC9D2763-1836-460B-954F-37F23D6CD81D.wav,0,distance_quiet_-6db,degraded,11.421820488706274,hnr,0.9999999999999613,,0,True
AH_222K_FC9D2763-1836-460B-954F-37F23D6CD81D.wav,0,distance_quiet_-6db,enhanced,11.024749736662065,hnr,0.8411504212499492,,0,True
AH_222K_FC9D2763-1836-460B-954F-37F23D6CD81D.wav,0,distance_far_-12db,degraded,11.421875019311912,hnr,0.9999999999999637,,0,True
AH_222K_FC9D2763-1836-460B-954F-37F23D6CD81D.wav,0,distance_far_-12db,enhanced,11.024297623623564,hnr,0.8411532783728936,,0,True
AH_420J_07C96C2C-6E96-4A2F-BEC9-5CB71DB309B6.wav,0,noise_snr_10db,degraded,8.481754973972475,hnr,0.6023806433622084,,0,True
AH_420J_07C96C2C-6E96-4A2F-BEC9-5CB71DB309B6.wav,0,noise_snr_10db,enhanced,7.764065868264062,hnr,0.5750296672614271,,0,True
AH_420J_07C96C2C-6E96-4A2F-BEC9-5CB71DB309B6.wav,0,noise_snr_5db,degraded,4.340706118103439,hnr,0.4398685164612364,,0,True
AH_420J_07C96C2C-6E96-4A2F-BEC9-5CB71DB309B6.wav,0,noise_snr_5db,enhanced,3.641937873601102,hnr,0.41099510649536936,,0,True
AH_420J_07C96C2C-6E96-4A2F-BEC9-5CB71DB309B6.wav,0,noise_snr_0db,degraded,0.16867558432470828,hnr,0.3288716837807101,,0,True
AH_420J_07C96C2C-6E96-4A2F-BEC9-5CB71DB309B6.wav,0,noise_snr_0db,enhanced,-0.1911516216062767,hnr,0.31036415913856913,,0,True
AH_420J_07C96C2C-6E96-4A2F-BEC9-5CB71DB309B6.wav,0,reverb_mild_rt0.3,degraded,15.351252933451184,hnr,0.7590312020092547,,0,True
AH_420J_07C96C2C-6E96-4A2F-BEC9-5CB71DB309B6.wav,0,reverb_mild_rt0.3,enhanced,16.140846879775996,hnr,0.7148955262363355,,0,True
AH_420J_07C96C2C-6E96-4A2F-BEC9-5CB71DB309B6.wav,0,reverb_heavy_rt0.6,degraded,14.196903958000087,hnr,0.6826064402340015,,0,True
AH_420J_07C96C2C-6E96-4A2F-BEC9-5CB71DB309B6.wav,0,reverb_heavy_rt0.6,enhanced,14.89713898914664,hnr,0.6665197778185936,,0,True
AH_420J_07C96C2C-6E96-4A2F-BEC9-5CB71DB309B6.wav,0,compression_low,degraded,16.13475978597175,hnr,0.8295914109665878,,0,True
AH_420J_07C96C2C-6E96-4A2F-BEC9-5CB71DB309B6.wav,0,compression_low,enhanced,16.457087738578792,hnr,0.7310860111516441,,0,True
AH_420J_07C96C2C-6E96-4A2F-BEC9-5CB71DB309B6.wav,0,distance_quiet_-6db,degraded,16.24033907045298,hnr,0.999999999999954,,0,True
AH_420J_07C96C2C-6E96-4A2F-BEC9-5CB71DB309B6.wav,0,distance_quiet_-6db,enhanced,16.646117466195427,hnr,0.8654822230224869,,0,True
AH_420J_07C96C2C-6E96-4A2F-BEC9-5CB71DB309B6.wav,0,distance_far_-12db,degraded,16.24029534421565,hnr,0.9999999999999547,,0,True
AH_420J_07C96C2C-6E96-4A2F-BEC9-5CB71DB309B6.wav,0,distance_far_-12db,enhanced,16.645710569100522,hnr,0.8654524721192569,,0,True
AH_753G_073DCC32-4397-4719-A019-DDD41F30F5F1.wav,0,noise_snr_10db,degraded,5.760253991205934,hnr,0.6547059811536757,,0,True
AH_753G_073DCC32-4397-4719-A019-DDD41F30F5F1.wav,0,noise_snr_10db,enhanced,6.490407347831933,hnr,0.6283173946418216,,0,True
AH_753G_073DCC32-4397-4719-A019-DDD41F30F5F1.wav,0,noise_snr_5db,degraded,2.2596914563392545,hnr,0.550068817385789,,0,True
AH_753G_073DCC32-4397-4719-A019-DDD41F30F5F1.wav,0,noise_snr_5db,enhanced,1.5670873084806256,hnr,0.5548780901162508,,0,True
AH_753G_073DCC32-4397-4719-A019-DDD41F30F5F1.wav,0,noise_snr_0db,degraded,-0.9609377984785435,hnr,0.45701802832330235,,0,True
AH_753G_073DCC32-4397-4719-A019-DDD41F30F5F1.wav,0,noise_snr_0db,enhanced,-1.098632785990438,hnr,0.4565436911595543,,0,True
AH_753G_073DCC32-4397-4719-A019-DDD41F30F5F1.wav,0,noise_snr_-5db,degraded,-3.194162373177278,hnr,0.3158274310272301,,1,False
AH_753G_073DCC32-4397-4719-A019-DDD41F30F5F1.wav,0,noise_snr_-5db,enhanced,-2.765136601170466,hnr,0.3129918691232485,,0,True
AH_753G_073DCC32-4397-4719-A019-DDD41F30F5F1.wav,0,reverb_mild_rt0.3,degraded,11.99209919971936,hnr,0.8656841530315061,,0,True
AH_753G_073DCC32-4397-4719-A019-DDD41F30F5F1.wav,0,reverb_mild_rt0.3,enhanced,11.72278569338104,hnr,0.8109427152978662,,0,True
AH_753G_073DCC32-4397-4719-A019-DDD41F30F5F1.wav,0,reverb_heavy_rt0.6,degraded,9.562805239385206,hnr,0.769870141399966,,0,True
AH_753G_073DCC32-4397-4719-A019-DDD41F30F5F1.wav,0,reverb_heavy_rt0.6,enhanced,8.836041996526813,hnr,0.7398873777121675,,0,True
AH_753G_073DCC32-4397-4719-A019-DDD41F30F5F1.wav,0,compression_low,degraded,11.354821222535337,hnr,0.7466691173924936,,0,True
AH_753G_073DCC32-4397-4719-A019-DDD41F30F5F1.wav,0,compression_low,enhanced,11.908386678664456,hnr,0.684070421506622,,0,True
AH_753G_073DCC32-4397-4719-A019-DDD41F30F5F1.wav,0,distance_quiet_-6db,degraded,11.683142645451914,hnr,0.9999999999999324,,0,True
AH_753G_073DCC32-4397-4719-A019-DDD41F30F5F1.wav,0,distance_quiet_-6db,enhanced,12.126924213731138,hnr,0.9078762565170421,,0,True
AH_753G_073DCC32-4397-4719-A019-DDD41F30F5F1.wav,0,distance_far_-12db,degraded,11.683044561737864,hnr,0.9999999999999363,,0,True
AH_753G_073DCC32-4397-4719-A019-DDD41F30F5F1.wav,0,distance_far_-12db,enhanced,12.127109175920445,hnr,0.9079113637146302,,0,True
AH_821C_8F9D5EF0-18B2-4967-B36D-82E014792BC3.wav,0,noise_snr_10db,degraded,8.156585446133533,hnr,0.5136117032915805,,0,True
AH_821C_8F9D5EF0-18B2-4967-B36D-82E014792BC3.wav,0,noise_snr_10db,enhanced,24.16689682006836,silence_snr,0.33346085969403216,,0,True
AH_821C_8F9D5EF0-18B2-4967-B36D-82E014792BC3.wav,0,noise_snr_5db,degraded,4.0061846555074,hnr,0.38042674075258537,,0,True
AH_821C_8F9D5EF0-18B2-4967-B36D-82E014792BC3.wav,0,noise_snr_5db,enhanced,8.888941869657948,hnr,0.28241770638329794,,0,True
AH_821C_8F9D5EF0-18B2-4967-B36D-82E014792BC3.wav,0,noise_snr_0db,degraded,-0.2691237199221796,hnr,0.19316970360838598,,0,True
AH_821C_8F9D5EF0-18B2-4967-B36D-82E014792BC3.wav,0,noise_snr_0db,enhanced,4.886637021991886,hnr,0.17096750011514644,,0,True
AH_821C_8F9D5EF0-18B2-4967-B36D-82E014792BC3.wav,0,noise_snr_-5db,degraded,-3.1979719965080045,hnr,0.1541308151114835,,0,True
AH_821C_8F9D5EF0-18B2-4967-B36D-82E014792BC3.wav,0,noise_snr_-5db,enhanced,-0.08861782732183894,hnr,0.15662214462475088,,0,True
AH_821C_8F9D5EF0-18B2-4967-B36D-82E014792BC3.wav,0,reverb_mild_rt0.3,degraded,17.7549327756914,hnr,0.7564472912131929,,0,True
AH_821C_8F9D5EF0-18B2-4967-B36D-82E014792BC3.wav,0,reverb_mild_rt0.3,enhanced,30.423580169677734,silence_snr,0.4270787351437861,,0,True
AH_821C_8F9D5EF0-18B2-4967-B36D-82E014792BC3.wav,0,reverb_heavy_rt0.6,degraded,13.904700986593172,hnr,0.5552380041509447,,0,True
AH_821C_8F9D5EF0-18B2-4967-B36D-82E014792BC3.wav,0,reverb_heavy_rt0.6,enhanced,25.50641632080078,silence_snr,0.37125312747386624,,0,True
AH_821C_8F9D5EF0-18B2-4967-B36D-82E014792BC3.wav,0,compression_low,degraded,15.723403956297915,hnr,0.7694605084846686,,0,True
AH_821C_8F9D5EF0-18B2-4967-B36D-82E014792BC3.wav,0,compression_low,enhanced,28.159164428710938,silence_snr,0.37442851196501786,,0,True
AH_821C_8F9D5EF0-18B2-4967-B36D-82E014792BC3.wav,0,distance_quiet_-6db,degraded,16.687749214888346,hnr,0.9999999999999694,,0,True
AH_821C_8F9D5EF0-18B2-4967-B36D-82E014792BC3.wav,0,distance_quiet_-6db,enhanced,28.555715560913086,silence_snr,0.5084647602328507,,0,True
AH_821C_8F9D5EF0-18B2-4967-B36D-82E014792BC3.wav,0,distance_far_-12db,degraded,16.688145856256646,hnr,0.9999999999999677,,0,True
AH_821C_8F9D5EF0-18B2-4967-B36D-82E014792BC3.wav,0,distance_far_-12db,enhanced,28.558757781982422,silence_snr,0.5082952033708658,,0,True
AH_667J_605FB4D5-E0DB-4B9B-8F58-784561C51693.wav,0,noise_snr_10db,degraded,9.498062466095138,hnr,0.42228504098105163,,0,True
AH_667J_605FB4D5-E0DB-4B9B-8F58-784561C51693.wav,0,noise_snr_10db,enhanced,10.865698150394032,hnr,0.19491778373062693,,0,True
AH_667J_605FB4D5-E0DB-4B9B-8F58-784561C51693.wav,0,noise_snr_5db,degraded,4.849732386413255,hnr,0.2780944753327928,,0,True
AH_667J_605FB4D5-E0DB-4B9B-8F58-784561C51693.wav,0,noise_snr_5db,enhanced,6.094035150662817,hnr,0.17085269367339184,,0,True
AH_667J_605FB4D5-E0DB-4B9B-8F58-784561C51693.wav,0,noise_snr_0db,degraded,0.3207911261714013,hnr,0.13676045859048924,,0,True
AH_667J_605FB4D5-E0DB-4B9B-8F58-784561C51693.wav,0,noise_snr_0db,enhanced,0.9614238366739996,hnr,0.08891808662397592,,0,True
AH_667J_605FB4D5-E0DB-4B9B-8F58-784561C51693.wav,0,reverb_mild_rt0.3,degraded,18.575468709402212,hnr,0.5916205126453915,,0,True
AH_667J_605FB4D5-E0DB-4B9B-8F58-784561C51693.wav,0,reverb_mild_rt0.3,enhanced,17.806100096984245,hnr,0.38982448255603497,,0,True
AH_667J_605FB4D5-E0DB-4B9B-8F58-784561C51693.wav,0,reverb_heavy_rt0.6,degraded,19.30937404574045,hnr,0.5025850116687417,,0,True
AH_667J_605FB4D5-E0DB-4B9B-8F58-784561C51693.wav,0,reverb_heavy_rt0.6,enhanced,17.696129806535247,hnr,0.3547800693304592,,0,True
AH_667J_605FB4D5-E0DB-4B9B-8F58-784561C51693.wav,0,compression_low,degraded,21.07353280859978,hnr,0.7807917526199185,,0,True
AH_667J_605FB4D5-E0DB-4B9B-8F58-784561C51693.wav,0,compression_low,enhanced,20.394588987886408,hnr,0.29777483546471395,,0,True
AH_667J_605FB4D5-E0DB-4B9B-8F58-784561C51693.wav,0,distance_quiet_-6db,degraded,21.89880715117884,hnr,0.9999999999998713,,0,True
AH_667J_605FB4D5-E0DB-4B9B-8F58-784561C51693.wav,0,distance_quiet_-6db,enhanced,20.542479828313926,hnr,0.4300627575020635,,0,True
AH_667J_605FB4D5-E0DB-4B9B-8F58-784561C51693.wav,0,distance_far_-12db,degraded,21.898681096198203,hnr,0.9999999999998694,,0,True
AH_667J_605FB4D5-E0DB-4B9B-8F58-784561C51693.wav,0,distance_far_-12db,enhanced,20.542582476512777,hnr,0.4302472292571685,,0,True
AH_538M_AE709CB7-1123-47F8-8BD2-000158BDBC01.wav,0,noise_snr_10db,degraded,9.001021279033681,hnr,0.41510627408213296,,0,True
AH_538M_AE709CB7-1123-47F8-8BD2-000158BDBC01.wav,0,noise_snr_10db,enhanced,10.67308501289052,hnr,0.2839497956834018,,0,True
AH_538M_AE709CB7-1123-47F8-8BD2-000158BDBC01.wav,0,noise_snr_5db,degraded,4.574693531783608,hnr,0.2999842798844893,,0,True
AH_538M_AE709CB7-1123-47F8-8BD2-000158BDBC01.wav,0,noise_snr_5db,enhanced,5.311478333054075,hnr,0.2309704210785358,,0,True
AH_538M_AE709CB7-1123-47F8-8BD2-000158BDBC01.wav,0,noise_snr_0db,degraded,0.18723056782681297,hnr,0.19850582926862687,,0,True
AH_538M_AE709CB7-1123-47F8-8BD2-000158BDBC01.wav,0,noise_snr_0db,enhanced,0.6301654048402591,hnr,0.12461603292886927,,0,True
AH_538M_AE709CB7-1123-47F8-8BD2-000158BDBC01.wav,0,reverb_mild_rt0.3,degraded,20.246493880852704,hnr,0.6728030313172623,,0,True
AH_538M_AE709CB7-1123-47F8-8BD2-000158BDBC01.wav,0,reverb_mild_rt0.3,enhanced,37.10367965698242,silence_snr,0.4543257586970657,,0,True
AH_538M_AE709CB7-1123-47F8-8BD2-000158BDBC01.wav,0,reverb_heavy_rt0.6,degraded,19.578695099707886,hnr,0.7587636313971464,,0,True
AH_538M_AE709CB7-1123-47F8-8BD2-000158BDBC01.wav,0,reverb_heavy_rt0.6,enhanced,31.69754981994629,silence_snr,0.5135923884599319,,0,True
AH_538M_AE709CB7-1123-47F8-8BD2-000158BDBC01.wav,0,compression_low,degraded,21.582345341514184,hnr,0.793248426246184,,0,True
AH_538M_AE709CB7-1123-47F8-8BD2-000158BDBC01.wav,0,compression_low,enhanced,29.350975036621094,silence_snr,0.4391649046480559,,0,True
AH_538M_AE709CB7-1123-47F8-8BD2-000158BDBC01.wav,0,distance_quiet_-6db,degraded,22.351745820486617,hnr,0.9999999999999034,,0,True
AH_538M_AE709CB7-1123-47F8-8BD2-000158BDBC01.wav,0,distance_quiet_-6db,enhanced,29.582351684570312,silence_snr,0.5490545853360954,,0,True
AH_538M_AE709CB7-1123-47F8-8BD2-000158BDBC01.wav,0,distance_far_-12db,degraded,22.35149855733319,hnr,0.9999999999999016,,0,True
AH_538M_AE709CB7-1123-47F8-8BD2-000158BDBC01.wav,0,distance_far_-12db,enhanced,29.578487396240234,silence_snr,0.5489930922515273,,0,True
AH_621N_204CF3E2-1DA0-4908-A47F-78997B1BAFC2.wav,0,noise_snr_10db,degraded,8.516059912741348,hnr,0.5121127680917558,,0,True
AH_621N_204CF3E2-1DA0-4908-A47F-78997B1BAFC2.wav,0,noise_snr_10db,enhanced,7.260486297089036,hnr,0.35965355329620385,,0,True
AH_621N_204CF3E2-1DA0-4908-A47F-78997B1BAFC2.wav,0,noise_snr_5db,degraded,4.416526132736449,hnr,0.3573962642058399,,0,True
AH_621N_204CF3E2-1DA0-4908-A47F-78997B1BAFC2.wav,0,noise_snr_5db,enhanced,3.6220946678807,hnr,0.24760608346260374,,0,True
AH_621N_204CF3E2-1DA0-4908-A47F-78997B1BAFC2.wav,0,noise_snr_0db,degraded,-0.08131558945670993,hnr,0.24679993870292236,,0,True
AH_621N_204CF3E2-1DA0-4908-A47F-78997B1BAFC2.wav,0,noise_snr_0db,enhanced,-0.5334750837056135,hnr,0.1880547667103637,,0,True
AH_621N_204CF3E2-1DA0-4908-A47F-78997B1BAFC2.wav,0,noise_snr_-5db,degraded,-3.3671325717767986,hnr,0.12397346322268508,,0,True
AH_621N_204CF3E2-1DA0-4908-A47F-78997B1BAFC2.wav,0,noise_snr_-5db,enhanced,-2.478612079506118,hnr,0.07132725742806781,,0,True
AH_621N_204CF3E2-1DA0-4908-A47F-78997B1BAFC2.wav,0,reverb_mild_rt0.3,degraded,12.414706492646532,hnr,0.5748492775858152,,0,True
AH_621N_204CF3E2-1DA0-4908-A47F-78997B1BAFC2.wav,0,reverb_mild_rt0.3,enhanced,11.466980286088312,hnr,0.5172821164902665,,0,True
AH_621N_204CF3E2-1DA0-4908-A47F-78997B1BAFC2.wav,0,reverb_heavy_rt0.6,degraded,12.296099272684256,hnr,0.6735703655593193,,0,True
AH_621N_204CF3E2-1DA0-4908-A47F-78997B1BAFC2.wav,0,reverb_heavy_rt0.6,enhanced,10.730057536319354,hnr,0.5623061191135014,,0,True
AH_621N_204CF3E2-1DA0-4908-A47F-78997B1BAFC2.wav,0,compression_low,degraded,15.19552848324369,hnr,0.844474380918718,,0,True
AH_621N_204CF3E2-1DA0-4908-A47F-78997B1BAFC2.wav,0,compression_low,enhanced,13.826075485250517,hnr,0.5243646733792655,,0,True
AH_621N_204CF3E2-1DA0-4908-A47F-78997B1BAFC2.wav,0,distance_quiet_-6db,degraded,14.96600972032624,hnr,0.9999999999999485,,0,True
AH_621N_204CF3E2-1DA0-4908-A47F-78997B1BAFC2.wav,0,distance_quiet_-6db,enhanced,13.32718772261198,hnr,0.6299747291582233,,0,True
AH_621N_204CF3E2-1DA0-4908-A47F-78997B1BAFC2.wav,0,distance_far_-12db,degraded,14.966002844263942,hnr,0.9999999999999402,,0,True
AH_621N_204CF3E2-1DA0-4908-A47F-78997B1BAFC2.wav,0,distance_far_-12db,enhanced,13.327224901550037,hnr,0.6298806885133824,,0,True
AH_904H_85B22FC1-BA09-4A17-A374-B00B2445CD27.wav,0,noise_snr_10db,degraded,8.095008845432137,hnr,0.49655662264912975,,1,False
AH_904H_85B22FC1-BA09-4A17-A374-B00B2445CD27.wav,0,noise_snr_10db,enhanced,10.581310419721403,hnr,0.45906633102717254,,0,True
AH_904H_85B22FC1-BA09-4A17-A374-B00B2445CD27.wav,0,noise_snr_5db,degraded,4.042897834213177,hnr,0.3715487169075081,,1,False
AH_904H_85B22FC1-BA09-4A17-A374-B00B2445CD27.wav,0,noise_snr_5db,enhanced,5.60436718213145,hnr,0.34736790483396635,,0,True
AH_904H_85B22FC1-BA09-4A17-A374-B00B2445CD27.wav,0,reverb_mild_rt0.3,degraded,18.085778798938573,hnr,0.7154277398485144,,0,True
AH_904H_85B22FC1-BA09-4A17-A374-B00B2445CD27.wav,0,reverb_mild_rt0.3,enhanced,23.7021541595459,silence_snr,0.6243165933911475,,0,True
AH_904H_85B22FC1-BA09-4A17-A374-B00B2445CD27.wav,0,reverb_heavy_rt0.6,degraded,19.49036097896955,hnr,0.6816957902853207,,0,True
AH_904H_85B22FC1-BA09-4A17-A374-B00B2445CD27.wav,0,reverb_heavy_rt0.6,enhanced,21.743066787719727,silence_snr,0.602197521970594,,0,True
AH_904H_85B22FC1-BA09-4A17-A374-B00B2445CD27.wav,0,compression_low,degraded,21.0475458935449,hnr,0.8048631717874446,,0,True
AH_904H_85B22FC1-BA09-4A17-A374-B00B2445CD27.wav,0,compression_low,enhanced,21.480239868164062,silence_snr,0.6355170517194549,,0,True
AH_904H_85B22FC1-BA09-4A17-A374-B00B2445CD27.wav,0,distance_quiet_-6db,degraded,21.526699001114444,hnr,0.999999999999952,,0,True
AH_904H_85B22FC1-BA09-4A17-A374-B00B2445CD27.wav,0,distance_quiet_-6db,enhanced,21.18140983581543,silence_snr,0.7662805057746584,,0,True
AH_904H_85B22FC1-BA09-4A17-A374-B00B2445CD27.wav,0,distance_far_-12db,degraded,21.52671464255808,hnr,0.9999999999999551,,0,True
AH_904H_85B22FC1-BA09-4A17-A374-B00B2445CD27.wav,0,distance_far_-12db,enhanced,21.180755615234375,silence_snr,0.7660711336434439,,0,True
AH_333L_6C551A6E-CC47-410E-AA49-2DC0A86E6489.wav,0,noise_snr_10db,degraded,5.144311046122602,hnr,0.5936781471064955,,0,True
AH_333L_6C551A6E-CC47-410E-AA49-2DC0A86E6489.wav,0,noise_snr_10db,enhanced,7.257878990626492,hnr,0.492953952632071,,0,True
AH_333L_6C551A6E-CC47-410E-AA49-2DC0A86E6489.wav,0,noise_snr_5db,degraded,2.39875338426656,hnr,0.4735978805508004,,0,True
AH_333L_6C551A6E-CC47-410E-AA49-2DC0A86E6489.wav,0,noise_snr_5db,enhanced,4.908297592996324,hnr,0.4086600737693154,,0,True
AH_333L_6C551A6E-CC47-410E-AA49-2DC0A86E6489.wav,0,noise_snr_0db,degraded,-0.7285247533389091,hnr,0.29885793222444107,,0,True
AH_333L_6C551A6E-CC47-410E-AA49-2DC0A86E6489.wav,0,noise_snr_0db,enhanced,1.0682198353575647,hnr,0.24284378769635093,,0,True
AH_333L_6C551A6E-CC47-410E-AA49-2DC0A86E6489.wav,0,noise_snr_-5db,enhanced,-1.1946784730341369,hnr,0.14669750119194327,,0,True
AH_333L_6C551A6E-CC47-410E-AA49-2DC0A86E6489.wav,0,reverb_mild_rt0.3,degraded,9.225443191276556,hnr,0.89038766780049,,0,True
AH_333L_6C551A6E-CC47-410E-AA49-2DC0A86E6489.wav,0,reverb_mild_rt0.3,enhanced,9.65554475760824,hnr,0.6766066271867552,,0,True
AH_333L_6C551A6E-CC47-410E-AA49-2DC0A86E6489.wav,0,reverb_heavy_rt0.6,degraded,5.948265363506664,hnr,0.7206722697191744,,0,True
AH_333L_6C551A6E-CC47-410E-AA49-2DC0A86E6489.wav,0,reverb_heavy_rt0.6,enhanced,7.147363410923094,hnr,0.5990216859676766,,0,True
AH_333L_6C551A6E-CC47-410E-AA49-2DC0A86E6489.wav,0,compression_low,degraded,8.797893252063236,hnr,0.8278873662458945,,0,True
AH_333L_6C551A6E-CC47-410E-AA49-2DC0A86E6489.wav,0,compression_low,enhanced,8.889522345279492,hnr,0.6261535755475113,,0,True
AH_333L_6C551A6E-CC47-410E-AA49-2DC0A86E6489.wav,0,distance_quiet_-6db,degraded,8.84928338409579,hnr,0.9999999999999765,,0,True
AH_333L_6C551A6E-CC47-410E-AA49-2DC0A86E6489.wav,0,distance_quiet_-6db,enhanced,8.712027633291111,hnr,0.7529038528377878,,0,True
AH_333L_6C551A6E-CC47-410E-AA49-2DC0A86E6489.wav,0,distance_far_-12db,degraded,8.849297996218244,hnr,0.9999999999999789,,0,True
AH_333L_6C551A6E-CC47-410E-AA49-2DC0A86E6489.wav,0,distance_far_-12db,enhanced,8.712155936883129,hnr,0.7531232584722856,,0,True
