filename,true_label,condition,prediction,proba_pd,feat_mean_f0,feat_std_f0,feat_max_f0,feat_jitter,feat_shimmer,feat_hnr,feat_mean_rms,feat_std_rms,feat_mean_zcr,feat_std_zcr
AH_545622718-C052AD58-5E6B-4ADC-855C-F76B66BAFA6E.wav,1,clean,1,0.934,235.5838756789869,6.169761424519064,242.35023708172005,0.0015341632937806104,0.0678701859281137,18.442825995110645,0.1300942450761795,0.10149598866701126,0.2424045138888889,0.030620402103658798
AH_545622718-C052AD58-5E6B-4ADC-855C-F76B66BAFA6E.wav,1,noise_snr_10db,1,0.702,201.4960763980952,55.805010736862585,236.8149500168056,0.0021906662323198842,0.12896092677553694,5.2150648947831275,0.14619284868240356,0.09297242015600204,0.3538411458333333,0.07498351963903109
AH_545622718-C052AD58-5E6B-4ADC-855C-F76B66BAFA6E.wav,1,noise_snr_-5db,0,0.488,97.74851737525532,41.19415676680441,220.95616125481965,0.0018918165081967715,0.15117060755964332,-3.3419689565463297,0.3376373052597046,0.04556291922926903,0.4446433738425926,0.07642384680756152
AH_545622718-C052AD58-5E6B-4ADC-855C-F76B66BAFA6E.wav,1,reverb_mild_rt0.3,1,0.686,227.4126024149677,33.929311697035224,242.35023708172005,0.001474347125473391,0.12697648366997918,13.997193965849192,0.08435998111963272,0.07045130431652069,0.2601634837962963,0.03747074187608856
AH_545622718-C052AD58-5E6B-4ADC-855C-F76B66BAFA6E.wav,1,reverb_heavy_rt0.6,1,0.792,227.3062923258633,33.86468714130078,242.35023708172005,0.0014568577836450555,0.14584873389324485,14.283820469859561,0.09615512937307358,0.07953236252069473,0.24462890625,0.02991605528877092
AH_545622718-C052AD58-5E6B-4ADC-855C-F76B66BAFA6E.wav,1,compression_high,1,0.932,235.5838756789869,6.169761424519064,242.35023708172005,0.0015398382254042965,0.06832168227649768,18.455976981290522,0.13008712232112885,0.10149076581001282,0.24267578125,0.03059029963927126
AH_545622718-C052AD58-5E6B-4ADC-855C-F76B66BAFA6E.wav,1,compression_medium,1,0.924,235.5838756789869,6.169761424519064,242.35023708172005,0.0015262522794945858,0.06833362501466096,18.257861302354502,0.13015903532505035,0.1014731153845787,0.24150028935185186,0.030103567355557206
AH_545622718-C052AD58-5E6B-4ADC-855C-F76B66BAFA6E.wav,1,compression_low,1,0.926,231.52033424026672,24.699720637654266,242.35023708172005,0.001721751436560347,0.06775018179177329,16.866470651060354,0.1298413723707199,0.10035597532987595,0.2280815972222222,0.030803839215781805
AH_545622718-C052AD58-5E6B-4ADC-855C-F76B66BAFA6E.wav,1,distance_quiet_-6db,1,0.624,235.5838756789869,6.169761424519064,242.35023708172005,0.0015341671637746817,0.06788811799465638,18.442511532532166,0.06520158052444458,0.050868380814790726,0.2424045138888889,0.030620402103658798
AH_545622718-C052AD58-5E6B-4ADC-855C-F76B66BAFA6E.wav,1,distance_far_-12db,0,0.398,235.5838756789869,6.169761424519064,242.35023708172005,0.001534144529532194,0.06787774090209749,18.443437857360717,0.03267808258533478,0.025494828820228577,0.2424045138888889,0.030620402103658798
AH_545622719-52C23861-6E0D-41E0-A3D8-9358C28C019B.wav,1,clean,1,0.942,254.024363026524,59.61497055456617,305.3421651462722,0.0043403745253564755,0.05307219296958269,16.983670160438454,0.40492621064186096,0.301604688167572,0.19549986373546513,0.07043722632288996
AH_545622719-52C23861-6E0D-41E0-A3D8-9358C28C019B.wav,1,noise_snr_10db,1,0.72,239.10580429587355,78.5065444852463,303.58352368439716,0.0027621072071023615,0.12705010491685667,4.922897146553372,0.4372023642063141,0.25331419706344604,0.2938601471656977,0.12789817877083381
AH_545622719-52C23861-6E0D-41E0-A3D8-9358C28C019B.wav,1,noise_snr_5db,1,0.724,242.37253731803648,74.62520444491606,305.3421651462722,0.002660764156000178,0.12214469746794115,1.9920592784240951,0.4911661744117737,0.20102660357952118,0.335205078125,0.1384031589154091
AH_545622719-52C23861-6E0D-41E0-A3D8-9358C28C019B.wav,1,noise_snr_0db,1,0.716,202.28237152690514,97.99945175415094,367.3342692424857,0.004580182159718546,0.12890339016140892,-0.6821156381100119,0.5955207943916321,0.1184610053896904,0.37567564498546513,0.12317629358948033
AH_545622719-52C23861-6E0D-41E0-A3D8-9358C28C019B.wav,1,reverb_mild_rt0.3,1,0.868,249.70949674814716,68.42772864607721,301.83501125199945,0.0036204422994654466,0.0877595668600509,13.89604240299123,0.312724769115448,0.2299623042345047,0.19800940225290697,0.07069794928120546
AH_545622719-52C23861-6E0D-41E0-A3D8-9358C28C019B.wav,1,reverb_heavy_rt0.6,1,0.85,249.90968533047385,68.420539871271,303.58352368439716,0.003727704873707805,0.11717896074203943,12.642191793116245,0.2968965172767639,0.20687878131866455,0.19704987281976744,0.06737608964312555
AH_545622719-52C23861-6E0D-41E0-A3D8-9358C28C019B.wav,1,compression_high,1,0.934,254.024363026524,59.61497055456617,305.3421651462722,0.00433823608350003,0.056464604446968616,17.000163729212222,0.40146780014038086,0.2964293360710144,0.19485828488372092,0.06986553020630339
AH_545622719-52C23861-6E0D-41E0-A3D8-9358C28C019B.wav,1,compression_medium,1,0.92,254.00706765318967,59.613958290248604,305.3421651462722,0.004637509067755711,0.055736085879854645,16.957277629047535,0.4014887809753418,0.2964359223842621,0.19540334302325582,0.07032174580932363
AH_545622719-52C23861-6E0D-41E0-A3D8-9358C28C019B.wav,1,compression_low,1,0.902,253.94625179520386,59.56671372567622,305.3421651462722,0.004974780817225862,0.06159233748856415,17.383921611208887,0.3911508619785309,0.2821192145347595,0.17998273982558138,0.06618165487869405
AH_545622719-52C23861-6E0D-41E0-A3D8-9358C28C019B.wav,1,distance_quiet_-6db,1,0.91,254.024363026524,59.61497055456617,305.3421651462722,0.004340278870421151,0.053075747182181096,16.983663325760325,0.20294365286827087,0.15116165578365326,0.19549986373546513,0.07043722632288996
AH_545622719-52C23861-6E0D-41E0-A3D8-9358C28C019B.wav,1,distance_far_-12db,1,0.884,254.024363026524,59.61497055456617,305.3421651462722,0.004340342501738566,0.05307636772142772,16.983736741228682,0.10171229392290115,0.07576019316911697,0.19549986373546513,0.07043722632288996
AH_545753015-58CAA743-BA9A-47E0-B9EF-CC35E9EFB839.wav,1,clean,1,0.678,202.59901536244254,1.520562438047938,206.1593881340736,0.0010837417529329142,0.09779058973614567,15.96154707352498,0.239426851272583,0.055647000670433044,0.18607584635416666,0.02689055645604116
AH_545753015-58CAA743-BA9A-47E0-B9EF-CC35E9EFB839.wav,1,noise_snr_10db,0,0.288,196.43838874667517,24.613049337328135,206.1593881340736,0.0012909326369853322,0.16545873156944518,7.959587782749985,0.2523729205131531,0.05235897749662399,0.23785400390625,0.04213938677473459
AH_545753015-58CAA743-BA9A-47E0-B9EF-CC35E9EFB839.wav,1,noise_snr_5db,0,0.212,196.43895292692787,24.617848727497,206.1593881340736,0.0016734555091986137,0.16656758725742363,3.8887647592808254,0.2773122489452362,0.04744451120495796,0.2874959309895833,0.05112710778949398
AH_545753015-58CAA743-BA9A-47E0-B9EF-CC35E9EFB839.wav,1,noise_snr_0db,0,0.454,192.37578236383743,31.131654498212235,206.1593881340736,0.002654911254221891,0.19146210023909413,-0.11583614020853424,0.342783123254776,0.03889825940132141,0.3697509765625,0.06068990078127935
AH_545753015-58CAA743-BA9A-47E0-B9EF-CC35E9EFB839.wav,1,reverb_mild_rt0.3,0,0.258,196.53662641041888,24.643369204310602,206.1593881340736,0.0009950804629576889,0.1187113777238547,14.604986585351561,0.1459183543920517,0.04392336308956146,0.171783447265625,0.0510324628391494
AH_545753015-58CAA743-BA9A-47E0-B9EF-CC35E9EFB839.wav,1,reverb_heavy_rt0.6,0,0.306,202.86687843453242,1.4544463454730097,206.1593881340736,0.0009980129925143775,0.10154323962112338,15.508153050457507,0.1761055588722229,0.047049857676029205,0.17755126953125,0.03082875611938033
AH_545753015-58CAA743-BA9A-47E0-B9EF-CC35E9EFB839.wav,1,compression_high,1,0.644,202.62346853653116,1.5300743798415601,206.1593881340736,0.0010813507121651509,0.09816759418467726,16.038469019972,0.23932139575481415,0.05559232458472252,0.18488566080729166,0.02634636131053502
AH_545753015-58CAA743-BA9A-47E0-B9EF-CC35E9EFB839.wav,1,compression_medium,1,0.64,202.62346853653116,1.5300743798415601,206.1593881340736,0.0010815438835046123,0.09780801402839069,16.01341496952385,0.23933672904968262,0.05560183897614479,0.183349609375,0.026007566378097216
AH_545753015-58CAA743-BA9A-47E0-B9EF-CC35E9EFB839.wav,1,compression_low,0,0.472,202.64764247844096,1.5025993230645591,206.1593881340736,0.001098962471647804,0.10530989349253972,16.64375603175668,0.23625878989696503,0.053944624960422516,0.16469319661458334,0.028956655995757922
AH_545753015-58CAA743-BA9A-47E0-B9EF-CC35E9EFB839.wav,1,distance_quiet_-6db,0,0.286,202.59901536244254,1.520562438047938,206.1593881340736,0.0010837438327240337,0.09778835604220833,15.961580406176422,0.1199980303645134,0.027889827266335487,0.18607584635416666,0.02689055645604116
AH_545753015-58CAA743-BA9A-47E0-B9EF-CC35E9EFB839.wav,1,distance_far_-12db,0,0.278,202.59901536244254,1.520562438047938,206.1593881340736,0.0010837453414605834,0.09778116414248875,15.96157085675678,0.06014158949255943,0.013978080824017525,0.18607584635416666,0.02689055645604116
AH_545847410-D1BA3BB4-1F61-44CA-ACDE-455A8E97E04B.wav,1,clean,1,0.71,125.21325181658575,1.2391141705584423,127.64114839815035,0.002361240930086364,0.07359177347133347,16.76571794651347,0.17915914952754974,0.060259584337472916,0.1370067107371795,0.020052855032747306
AH_545847410-D1BA3BB4-1F61-44CA-ACDE-455A8E97E04B.wav,1,noise_snr_10db,0,0.418,125.23188553191504,1.247942150574543,127.64114839815035,0.003216715193203757,0.09403179613069758,7.580161251824911,0.18897883594036102,0.05643143504858017,0.2169971955128205,0.045579361963658055
AH_545847410-D1BA3BB4-1F61-44CA-ACDE-455A8E97E04B.wav,1,noise_snr_5db,0,0.322,125.17587706362414,1.2093070472206553,127.64114839815035,0.003818799697986063,0.12874963444280024,3.3869765060373984,0.20985324680805206,0.05062737315893173,0.2772811498397436,0.06106316259371007
AH_545847410-D1BA3BB4-1F61-44CA-ACDE-455A8E97E04B.wav,1,noise_snr_0db,0,0.32,125.45623165507597,1.3957169878025772,127.64114839815035,0.004565854557816277,0.13099146956798544,-0.4146432507271319,0.26578280329704285,0.04315166547894478,0.3503230168269231,0.061544682726253394
AH_545847410-D1BA3BB4-1F61-44CA-ACDE-455A8E97E04B.wav,1,noise_snr_-5db,1,0.528,125.62566659963905,1.5748807062448709,128.38056604865398,,,-3.2273135338849053,0.38091129064559937,0.03154049441218376,0.4248046875,0.06114568317807973
AH_545847410-D1BA3BB4-1F61-44CA-ACDE-455A8E97E04B.wav,1,reverb_mild_rt0.3,0,0.234,125.19631868210486,1.3900120323985636,127.64114839815035,0.0021179409610543065,0.09221772728802115,15.28432453362261,0.12999087572097778,0.041187845170497894,0.14580829326923078,0.031549944191865804
AH_545847410-D1BA3BB4-1F61-44CA-ACDE-455A8E97E04B.wav,1,reverb_heavy_rt0.6,0,0.238,125.06354667571165,1.0857971390911707,126.90598947993546,0.0018518529478654712,0.08849937471016334,16.34283211396856,0.15747559070587158,0.045431897044181824,0.11522185496794872,0.029637007752970845
AH_545847410-D1BA3BB4-1F61-44CA-ACDE-455A8E97E04B.wav,1,compression_high,1,0.7,125.21325181658575,1.2391141705584423,127.64114839815035,0.0023612665950497242,0.07361137991331945,16.76739125831471,0.17915667593479156,0.060258649289608,0.1370693108974359,0.02026972696049659
AH_545847410-D1BA3BB4-1F61-44CA-ACDE-455A8E97E04B.wav,1,compression_medium,1,0.68,125.21325181658575,1.2391141705584423,127.64114839815035,0.0023637644306365156,0.07430646550493725,16.72966407601719,0.17921271920204163,0.06026090309023857,0.1357547075320513,0.020808910975241717
AH_545847410-D1BA3BB4-1F61-44CA-ACDE-455A8E97E04B.wav,1,compression_low,1,0.556,125.23188553191504,1.2479421505745427,127.64114839815035,0.002350295948200293,0.07927902582103939,16.307096687306025,0.1788458526134491,0.059599682688713074,0.1308718950320513,0.02198961773545112
AH_545847410-D1BA3BB4-1F61-44CA-ACDE-455A8E97E04B.wav,1,distance_quiet_-6db,0,0.286,125.21325181658575,1.2391141705584423,127.64114839815035,0.0023612453664201708,0.07428846006639427,16.765658289272743,0.08979201316833496,0.03020172379910946,0.1370067107371795,0.020052855032747306
AH_545847410-D1BA3BB4-1F61-44CA-ACDE-455A8E97E04B.wav,1,distance_far_-12db,0,0.236,125.21325181658575,1.2391141705584423,127.64114839815035,0.0023612520242453335,0.07428729344940972,16.765668452278234,0.04500321298837662,0.01513646263629198,0.1370067107371795,0.020052855032747306
AH_545629296-C2C009C6-8C17-42EA-B6BE-362942FC4692.wav,1,clean,1,0.81,190.49805567914422,1.368381742995902,193.46780319548864,0.0015491240950254968,0.0637741313735015,20.007225612302214,0.39477506279945374,0.03760320320725441,0.2104647197420635,0.02184681852594215
AH_545629296-C2C009C6-8C17-42EA-B6BE-362942FC4692.wav,1,noise_snr_10db,1,0.532,190.5508122039008,1.4169289514358423,193.46780319548864,0.001634371459901249,0.14263794733485086,9.485199057030266,0.41333869099617004,0.037000320851802826,0.23694041418650794,0.018957415439051314
AH_545629296-C2C009C6-8C17-42EA-B6BE-362942FC4692.wav,1,noise_snr_5db,0,0.482,190.51574169241454,1.3986263278152473,193.46780319548864,0.0019600655338562903,0.16119871474320538,5.073646481465056,0.4478580057621002,0.03429611399769783,0.2803741939484127,0.02150271448672525
AH_545629296-C2C009C6-8C17-42EA-B6BE-362942FC4692.wav,1,noise_snr_0db,0,0.394,184.50564780805243,23.291906638102976,193.46780319548864,0.003000595728181907,0.15781313310922393,0.5719821477655782,0.5260204672813416,0.031266290694475174,0.35334511408730157,0.028973072992407308
AH_545629296-C2C009C6-8C17-42EA-B6BE-362942FC4692.wav,1,noise_snr_-5db,1,0.532,162.8816714355976,42.9193841662993,194.5885507779272,,,-3.026626335171967,0.6507049202919006,0.032258085906505585,0.43474082341269843,0.03682520609525951
AH_545629296-C2C009C6-8C17-42EA-B6BE-362942FC4692.wav,1,reverb_mild_rt0.3,0,0.348,190.27227093144316,1.5172779920770685,193.46780319548864,0.0017176371197595813,0.10506594578330053,15.574771054796729,0.22559888660907745,0.036012157797813416,0.20684523809523808,0.021079189214813585
AH_545629296-C2C009C6-8C17-42EA-B6BE-362942FC4692.wav,1,reverb_heavy_rt0.6,0,0.26,190.48007046407076,1.294899736548012,193.46780319548864,0.0011757164824495409,0.1300883471088064,15.295438832498549,0.2448359876871109,0.02637849934399128,0.21378968253968253,0.018974423679148433
AH_545629296-C2C009C6-8C17-42EA-B6BE-362942FC4692.wav,1,compression_high,1,0.804,190.49805567914422,1.368381742995902,193.46780319548864,0.0015495342396727029,0.06392697118089449,20.027838568470443,0.39475393295288086,0.03759630396962166,0.2097904265873016,0.021957435674728052
AH_545629296-C2C009C6-8C17-42EA-B6BE-362942FC4692.wav,1,compression_medium,1,0.804,190.49805567914422,1.368381742995902,193.46780319548864,0.001549502510097137,0.06394891345468726,20.01025237839973,0.3947521448135376,0.03757648542523384,0.2103949652777778,0.021960357267880794
AH_545629296-C2C009C6-8C17-42EA-B6BE-362942FC4692.wav,1,compression_low,1,0.73,190.49805567914422,1.368381742995902,193.46780319548864,0.0015492326830200624,0.0735796306063846,20.104517623717754,0.39452534914016724,0.03759605437517166,0.2107359871031746,0.022210963634503714
AH_545629296-C2C009C6-8C17-42EA-B6BE-362942FC4692.wav,1,distance_quiet_-6db,0,0.37,190.49805567914422,1.368381742995902,193.46780319548864,0.001549121745265703,0.06377329942680168,20.007239328649657,0.19785648584365845,0.01884620450437069,0.2104647197420635,0.02184681852594215
AH_545629296-C2C009C6-8C17-42EA-B6BE-362942FC4692.wav,1,distance_far_-12db,0,0.402,190.49805567914422,1.368381742995902,193.46780319548864,0.0015491185568953895,0.06377440298541927,20.007138568756496,0.09916319698095322,0.00944562442600727,0.2104647197420635,0.02184681852594215
AH_545806325-8A17002B-CFD3-4DCF-8854-04F0F2BFF21B.wav,1,clean,1,0.696,198.98598634910178,0.9894411688751936,201.4507012015148,0.0009184942661392945,0.06493330212229353,21.735942790376008,0.2982335686683655,0.021125413477420807,0.2165798611111111,0.020493483429159184
AH_545806325-8A17002B-CFD3-4DCF-8854-04F0F2BFF21B.wav,1,noise_snr_10db,0,0.33,198.98598634910178,0.9894411688751936,201.4507012015148,0.0009645398225225749,0.1581252786203935,9.698716751199479,0.3119174838066101,0.021551793441176414,0.2841037326388889,0.026540022282697563
AH_545806325-8A17002B-CFD3-4DCF-8854-04F0F2BFF21B.wav,1,noise_snr_5db,0,0.408,199.062596918526,0.9835373832422635,201.4507012015148,0.0012312568088886408,0.18471779671780617,5.053832322849642,0.33924371004104614,0.022226573899388313,0.33820529513888886,0.03177642865640541
AH_545806325-8A17002B-CFD3-4DCF-8854-04F0F2BFF21B.wav,1,noise_snr_0db,0,0.39,181.567595695507,38.34766965653043,202.61769324165294,0.002497048739753025,0.20536526525014487,0.4296528236533389,0.41142481565475464,0.025359347462654114,0.39541015625,0.03420906475615616
AH_545806325-8A17002B-CFD3-4DCF-8854-04F0F2BFF21B.wav,1,noise_snr_-5db,1,0.516,176.68221334603143,41.11045386571619,201.4507012015148,,,-3.4077816650718646,0.5455479621887207,0.029092151671648026,0.44345703125,0.04230789148955153
AH_545806325-8A17002B-CFD3-4DCF-8854-04F0F2BFF21B.wav,1,reverb_mild_rt0.3,0,0.308,199.21596570577285,0.9836751155894039,201.4507012015148,0.0008036662480396774,0.06310130723384753,21.054322171884444,0.2519945204257965,0.02627071924507618,0.23219401041666668,0.02418766556364704
AH_545806325-8A17002B-CFD3-4DCF-8854-04F0F2BFF21B.wav,1,reverb_heavy_rt0.6,0,0.316,198.96035106036143,0.9700668084857128,201.4507012015148,0.0006806360522287481,0.06665669017210182,20.696587467409532,0.22886717319488525,0.022783109918236732,0.215234375,0.022313165013043434
AH_545806325-8A17002B-CFD3-4DCF-8854-04F0F2BFF21B.wav,1,compression_high,1,0.694,198.98598634910178,0.9894411688751936,201.4507012015148,0.0009185289255420302,0.06485825309298078,21.740110574069416,0.29822608828544617,0.02112426422536373,0.21731770833333333,0.02099833947130821
AH_545806325-8A17002B-CFD3-4DCF-8854-04F0F2BFF21B.wav,1,compression_medium,1,0.69,198.98598634910178,0.9894411688751936,201.4507012015148,0.0009185367547110814,0.06517630254857014,21.695959679138276,0.29825061559677124,0.021114055067300797,0.21688368055555557,0.021199452459736236
AH_545806325-8A17002B-CFD3-4DCF-8854-04F0F2BFF21B.wav,1,compression_low,1,0.602,198.98598634910178,0.9894411688751936,201.4507012015148,0.0009180239976500804,0.06308640172584111,21.556745003142687,0.29606905579566956,0.02099617011845112,0.20460069444444445,0.018082232208505477
AH_545806325-8A17002B-CFD3-4DCF-8854-04F0F2BFF21B.wav,1,distance_quiet_-6db,1,0.514,198.98598634910178,0.9894411688751936,201.4507012015148,0.0009184907199121634,0.06493468195559707,21.735951507886366,0.1494705080986023,0.010587752796709538,0.2165798611111111,0.020493483429159184
AH_545806325-8A17002B-CFD3-4DCF-8854-04F0F2BFF21B.wav,1,distance_far_-12db,1,0.538,198.98598634910178,0.9894411688751936,201.4507012015148,0.0009184980864815243,0.06494445963491707,21.735779370628993,0.07491215318441391,0.005306444130837917,0.2165798611111111,0.020493483429159184
AH_545812846-0C14B32A-6C50-4B62-BC89-0A815C2DEEFA.wav,1,clean,1,0.878,185.18142193344505,104.94122470543024,363.1150753022827,0.004049276599657573,0.15025226919458012,12.487058849228283,0.20357763767242432,0.0857849270105362,0.18332159323770492,0.01595974038727058
AH_545812846-0C14B32A-6C50-4B62-BC89-0A815C2DEEFA.wav,1,noise_snr_10db,1,0.674,205.03232078489904,109.8317246456637,361.02368636308216,0.00452486186289932,0.15867991305867588,5.484939506786581,0.21822898089885712,0.07736055552959442,0.25892514088114754,0.06778763503578865
AH_545812846-0C14B32A-6C50-4B62-BC89-0A815C2DEEFA.wav,1,noise_snr_0db,1,0.514,357.0800853826941,3.3454128500177394,363.1150753022827,0.004943778613914462,0.15435050349964302,-0.8741223498720522,0.307706356048584,0.05041014775633812,0.38045914446721313,0.07141130258922658
AH_545812846-0C14B32A-6C50-4B62-BC89-0A815C2DEEFA.wav,1,reverb_mild_rt0.3,0,0.196,126.33525190007119,46.499698702344865,373.7551591676096,0.003930031154771866,0.17450855232254187,8.156194324290176,0.10375805199146271,0.04242011532187462,0.19979508196721313,0.01986528918748576
AH_545812846-0C14B32A-6C50-4B62-BC89-0A815C2DEEFA.wav,1,reverb_heavy_rt0.6,0,0.412,223.44822231640424,115.17691780040579,365.21857953435796,0.00413392914656848,0.18348428271562237,8.094661084381274,0.1433967500925064,0.0592302568256855,0.18826043801229508,0.020022854759878552
AH_545812846-0C14B32A-6C50-4B62-BC89-0A815C2DEEFA.wav,1,compression_high,1,0.866,185.18142193344505,104.94122470543024,363.1150753022827,0.004049149394657374,0.150285727625633,12.487667962218392,0.20357324182987213,0.08577919006347656,0.18326556096311475,0.01692881480121252
AH_545812846-0C14B32A-6C50-4B62-BC89-0A815C2DEEFA.wav,1,compression_medium,1,0.852,185.14850554534095,104.89032637016268,363.1150753022827,0.0040505059989691,0.14999429003171946,12.463828018954672,0.20356856286525726,0.08577511459589005,0.1824250768442623,0.018416467821909574
AH_545812846-0C14B32A-6C50-4B62-BC89-0A815C2DEEFA.wav,1,compression_low,1,0.856,185.11441794820524,104.83348682208458,363.1150753022827,0.004072733436055355,0.15129197900769065,12.516716413214978,0.20195744931697845,0.08457016199827194,0.17218717981557377,0.016769756754309285
AH_545812846-0C14B32A-6C50-4B62-BC89-0A815C2DEEFA.wav,1,distance_quiet_-6db,0,0.36,185.18142193344505,104.94122470543024,363.1150753022827,0.0040492752660963235,0.15025382786159017,12.487014286345524,0.10203050076961517,0.042994387447834015,0.18332159323770492,0.01595974038727058
AH_545812846-0C14B32A-6C50-4B62-BC89-0A815C2DEEFA.wav,1,distance_far_-12db,0,0.272,185.18142193344505,104.94122470543024,363.1150753022827,0.004049375925127174,0.15025608379712876,12.487146878250847,0.051136624068021774,0.021548254415392876,0.18332159323770492,0.01595974038727058
AH_545789690-DA26461A-AF40-4A43-9662-3A93EE872359.wav,1,clean,1,0.844,185.50027853404708,5.691550324104705,230.07328808402127,0.0034297423320713487,0.13689732415899147,14.092676911085675,0.11986665427684784,0.07284727692604065,0.12441312349759616,0.0220149103568909
AH_545789690-DA26461A-AF40-4A43-9662-3A93EE872359.wav,1,noise_snr_10db,1,0.606,184.60670933537597,10.49078346707605,230.07328808402127,0.0033871400645134296,0.159308190821713,6.815764193724171,0.13029520213603973,0.06876213103532791,0.25066199669471156,0.0778993698951909
AH_545789690-DA26461A-AF40-4A43-9662-3A93EE872359.wav,1,noise_snr_5db,0,0.488,178.8722058109446,22.184266299043482,194.5885507779272,0.0048493648649401795,0.17437771833751534,2.177879480934315,0.14833644032478333,0.06326071918010712,0.31574425330528844,0.07883602013134329
AH_545789690-DA26461A-AF40-4A43-9662-3A93EE872359.wav,1,noise_snr_0db,0,0.428,160.26118438720988,41.776220388265315,195.71579078506272,0.005939342336727747,0.17566486807006623,-1.0055534389550171,0.1911419779062271,0.05361400917172432,0.3856060321514423,0.0735382343405423
AH_545789690-DA26461A-AF40-4A43-9662-3A93EE872359.wav,1,reverb_mild_rt0.3,0,0.264,184.92582571119203,3.3587529445256314,192.35351064413248,0.0032004008760028527,0.1201471740042325,12.712103609366496,0.08144941926002502,0.0458063930273056,0.12169471153846154,0.020064167784476027
AH_545789690-DA26461A-AF40-4A43-9662-3A93EE872359.wav,1,reverb_heavy_rt0.6,0,0.258,184.98424818667564,3.7305980952434723,193.46780319548864,0.0028043755672062763,0.1275237897094534,13.382362326216509,0.09496188908815384,0.051565248519182205,0.10745474008413461,0.025749092625138803
AH_545789690-DA26461A-AF40-4A43-9662-3A93EE872359.wav,1,compression_high,1,0.842,185.50027853404708,5.691550324104705,230.07328808402127,0.0034297605394477057,0.13695500641074243,14.096820211626413,0.11986686289310455,0.07284640520811081,0.12384972205528846,0.0221718566100818
AH_545789690-DA26461A-AF40-4A43-9662-3A93EE872359.wav,1,compression_medium,1,0.836,185.49016553293134,5.697609352579174,230.07328808402127,0.00344534288182659,0.1332456960080476,14.020303297988924,0.11982813477516174,0.07284393906593323,0.12616436298076922,0.021573641023321103
AH_545789690-DA26461A-AF40-4A43-9662-3A93EE872359.wav,1,compression_low,1,0.776,185.49023036507634,5.700075278897048,230.07328808402127,0.003425656445372849,0.12750284535757786,13.565855107679685,0.11991291493177414,0.07238008081912994,0.11661470853365384,0.02819443651635359
AH_545789690-DA26461A-AF40-4A43-9662-3A93EE872359.wav,1,distance_quiet_-6db,0,0.272,185.50027853404708,5.691550324104705,230.07328808402127,0.003429713135361575,0.13689456049266757,14.09273113527891,0.06007544323801994,0.03651031479239464,0.12441312349759616,0.0220149103568909
AH_545789690-DA26461A-AF40-4A43-9662-3A93EE872359.wav,1,distance_far_-12db,0,0.176,185.50027853404708,5.691550324104705,230.07328808402127,0.0034298136413270456,0.13688460206113845,14.092436156995364,0.0301092229783535,0.018298467621207237,0.12441312349759616,0.0220149103568909
AH_545713222-DA13DC3A-F24B-454E-984F-19DF19328D39.wav,1,clean,1,0.916,184.02826908814697,17.427621479571908,196.84956082712893,0.002257668370598335,0.11822794895648361,16.464997987612055,0.17788174748420715,0.09725743532180786,0.11088590801886793,0.0236077539864278
AH_545713222-DA13DC3A-F24B-454E-984F-19DF19328D39.wav,1,noise_snr_10db,1,0.72,184.24073164644102,17.432855395549705,197.9898987322333,0.003527775712357753,0.16726718493235918,6.31455009048223,0.19153864681720734,0.09062941372394562,0.21010834316037735,0.04793915343941317
AH_545713222-DA13DC3A-F24B-454E-984F-19DF19328D39.wav,1,noise_snr_5db,1,0.654,176.9138602441585,28.473853136583436,197.9898987322333,0.004236826392950028,0.18399705505372185,2.5785045272090157,0.21689414978027344,0.08224242180585861,0.2899653596698113,0.07390201241780328
AH_545713222-DA13DC3A-F24B-454E-984F-19DF19328D39.wav,1,noise_snr_0db,0,0.476,162.48813230168662,39.44352303105797,200.29043054093617,0.005196043793147817,0.17182467261204562,-0.7000501133186086,0.2790001630783081,0.06878308206796646,0.3685325766509434,0.08686471861214436
AH_545713222-DA13DC3A-F24B-454E-984F-19DF19328D39.wav,1,noise_snr_-5db,1,0.524,158.22612452492143,44.5690889383919,209.7629907627354,0.004626645855693404,0.18846571453799166,-3.1183923862882312,0.40392976999282837,0.04786957800388336,0.427135539504717,0.07479189434111361
AH_545713222-DA13DC3A-F24B-454E-984F-19DF19328D39.wav,1,reverb_mild_rt0.3,1,0.51,183.85062880745699,17.629652206002064,197.9898987322333,0.002461521210276658,0.14288139927143095,13.142733319964357,0.1244046613574028,0.06460210680961609,0.12752432193396226,0.027780300009423903
AH_545713222-DA13DC3A-F24B-454E-984F-19DF19328D39.wav,1,reverb_heavy_rt0.6,0,0.436,183.72232331900275,17.49444566846192,196.84956082712893,0.0028400261640450252,0.14397243964026354,12.539655107915474,0.10055305063724518,0.058610886335372925,0.1449642541273585,0.02694078836480962
AH_545713222-DA13DC3A-F24B-454E-984F-19DF19328D39.wav,1,compression_high,1,0.896,184.02826908814697,17.427621479571908,196.84956082712893,0.0022578323488461676,0.11806771858763343,16.460245372844224,0.17788009345531464,0.09725471585988998,0.10992777122641509,0.02394599168205874
AH_545713222-DA13DC3A-F24B-454E-984F-19DF19328D39.wav,1,compression_medium,1,0.91,184.02826908814697,17.427621479571908,196.84956082712893,0.0022576008199990355,0.11827446238557583,16.41612519676247,0.17787282168865204,0.09723913669586182,0.11166900058962265,0.022032169490930675
AH_545713222-DA13DC3A-F24B-454E-984F-19DF19328D39.wav,1,compression_low,1,0.88,184.02992132011855,17.445730805434938,196.84956082712893,0.0022831859031549576,0.11828107207706996,15.656700480040493,0.1780259907245636,0.09705261141061783,0.1193801591981132,0.017378045654527174
AH_545713222-DA13DC3A-F24B-454E-984F-19DF19328D39.wav,1,distance_quiet_-6db,0,0.274,184.02826908814697,17.427621479571908,196.84956082712893,0.002257680574030327,0.11822054598749254,16.465468723711247,0.0891525149345398,0.04874362796545029,0.11088590801886793,0.0236077539864278
AH_545713222-DA13DC3A-F24B-454E-984F-19DF19328D39.wav,1,distance_far_-12db,0,0.12,184.02826908814697,17.427621479571908,196.84956082712893,0.002257686302748066,0.11822066002835448,16.4650708047749,0.04468197748064995,0.024429865181446075,0.11088590801886793,0.0236077539864278
AH_545789682-7554E0C7-4E25-49C3-9E6C-04D525455E28.wav,1,clean,1,0.716,177.0471246280588,1.1644718217630894,178.43848782469672,0.0009797147018475207,0.08262763113019017,22.063058483182523,0.27134057879447937,0.055406637489795685,0.11404497195512821,0.021671868083232626
AH_545789682-7554E0C7-4E25-49C3-9E6C-04D525455E28.wav,1,noise_snr_10db,0,0.276,177.09982873393102,1.2023778163377643,178.43848782469672,0.0012066525972059367,0.15425042038565145,9.622537743040306,0.28594347834587097,0.05288039147853851,0.18058894230769232,0.04176146728489957
AH_545789682-7554E0C7-4E25-49C3-9E6C-04D525455E28.wav,1,noise_snr_5db,0,0.28,177.12542712848978,1.106480053611613,178.43848782469672,0.0021341003716929615,0.17041161284472792,4.913172940399448,0.3116106390953064,0.04774533957242966,0.2611678685897436,0.05124826418639218
AH_545789682-7554E0C7-4E25-49C3-9E6C-04D525455E28.wav,1,noise_snr_0db,0,0.438,170.55107110592223,23.400547960245326,178.43848782469672,0.004078324656756882,0.1817961185087825,0.4889533681407803,0.3839629590511322,0.03816331550478935,0.35047325721153844,0.05358073770916846
AH_545789682-7554E0C7-4E25-49C3-9E6C-04D525455E28.wav,1,noise_snr_-5db,1,0.518,134.09218346466756,44.55659411602138,179.47217146890208,,,-2.9752045661910245,0.5215067863464355,0.03511587157845497,0.4213366386217949,0.04831496103768953
AH_545789682-7554E0C7-4E25-49C3-9E6C-04D525455E28.wav,1,reverb_mild_rt0.3,0,0.148,177.0213779334101,1.2341346764253442,178.43848782469672,0.0008176496404198515,0.07200171331386669,18.965453277443164,0.19669575989246368,0.0379289947450161,0.14350460737179488,0.031776837802742056
AH_545789682-7554E0C7-4E25-49C3-9E6C-04D525455E28.wav,1,reverb_heavy_rt0.6,0,0.204,176.968679931676,1.1964774979467794,179.47217146890208,0.0008431943817019781,0.0629469961375393,20.361948618314337,0.1873735785484314,0.044831279665231705,0.12298427483974358,0.01978506562082121
AH_545789682-7554E0C7-4E25-49C3-9E6C-04D525455E28.wav,1,compression_high,1,0.712,177.0471246280588,1.1644718217630894,178.43848782469672,0.000979572799538282,0.08274550606947974,22.069600844172555,0.27133217453956604,0.05540237948298454,0.11394481169871795,0.021135964946489318
AH_545789682-7554E0C7-4E25-49C3-9E6C-04D525455E28.wav,1,compression_medium,1,0.708,177.0471246280588,1.1644718217630894,178.43848782469672,0.0009795796507180252,0.0833938952662122,22.01594363840822,0.27133792638778687,0.055397506803274155,0.11295572916666667,0.02118474516148372
AH_545789682-7554E0C7-4E25-49C3-9E6C-04D525455E28.wav,1,compression_low,1,0.576,177.0471246280588,1.1644718217630894,178.43848782469672,0.0009821563018427872,0.08783374524268248,21.421033930219945,0.27103862166404724,0.0552254319190979,0.10990084134615384,0.019418363868527855
AH_545789682-7554E0C7-4E25-49C3-9E6C-04D525455E28.wav,1,distance_quiet_-6db,0,0.326,177.0471246280588,1.1644718217630894,178.43848782469672,0.0009797122521046414,0.08263145714392396,22.063164391392817,0.13599173724651337,0.027768852189183235,0.11404497195512821,0.021671868083232626
AH_545789682-7554E0C7-4E25-49C3-9E6C-04D525455E28.wav,1,distance_far_-12db,0,0.326,177.0471246280588,1.1644718217630894,178.43848782469672,0.0009797045161402237,0.0826350162299954,22.063260751168187,0.06815735250711441,0.013917514123022556,0.11404497195512821,0.021671868083232626
AH_545806326-BD0FE665-1AD5-4F55-8342-0FAB8B15680B.wav,1,clean,1,0.856,208.52360663018604,1.3213236845137493,210.97813540644063,0.0018023321617312762,0.08449302328033394,18.9810027617315,0.23195312917232513,0.1047668531537056,0.1018210018382353,0.028954691918187867
AH_545806326-BD0FE665-1AD5-4F55-8342-0FAB8B15680B.wav,1,noise_snr_10db,1,0.79,198.83481141877436,32.62102090816338,210.97813540644063,0.0028857678114281218,0.13393941454586816,6.7264946333023286,0.249029278755188,0.0941077396273613,0.21057846966911764,0.09903044994426324
AH_545806326-BD0FE665-1AD5-4F55-8342-0FAB8B15680B.wav,1,noise_snr_5db,1,0.632,200.0812061655607,31.172987028987144,210.97813540644063,0.004035233402283472,0.17727303423206983,3.1202375890097214,0.27812066674232483,0.08331876993179321,0.2807473575367647,0.09687159532605523
AH_545806326-BD0FE665-1AD5-4F55-8342-0FAB8B15680B.wav,1,noise_snr_0db,1,0.582,188.67447095841194,43.299916554601005,214.6659682537441,0.0053375538454837465,0.184996807211308,-0.2324510436372194,0.35075485706329346,0.06290702521800995,0.35879337086397056,0.08350131138329682
AH_545806326-BD0FE665-1AD5-4F55-8342-0FAB8B15680B.wav,1,reverb_mild_rt0.3,1,0.726,208.32735084180035,1.0560745255890274,209.7629907627354,0.0013423129654691855,0.08627637274924746,20.735893294817167,0.20712554454803467,0.09382657706737518,0.09707462086397059,0.024090843170410256
AH_545806326-BD0FE665-1AD5-4F55-8342-0FAB8B15680B.wav,1,reverb_heavy_rt0.6,1,0.828,208.32735143117512,1.056422429669706,209.7629907627354,0.0015690649197744662,0.09775711649459752,17.990700652267858,0.17679163813591003,0.08664371818304062,0.09453268612132353,0.026151571153832202
AH_545806326-BD0FE665-1AD5-4F55-8342-0FAB8B15680B.wav,1,compression_high,1,0.858,208.52360663018604,1.3213236845137493,210.97813540644063,0.0018036763475727583,0.08456811619505263,18.98624668977142,0.23194654285907745,0.10476039350032806,0.10510971966911764,0.027144353241757044
AH_545806326-BD0FE665-1AD5-4F55-8342-0FAB8B15680B.wav,1,compression_medium,1,0.846,208.52360663018604,1.3213236845137493,210.97813540644063,0.0017359995907682097,0.08454352448920188,18.899001491041812,0.23196077346801758,0.10473252087831497,0.10265395220588236,0.03100728615099092
AH_545806326-BD0FE665-1AD5-4F55-8342-0FAB8B15680B.wav,1,compression_low,1,0.81,208.55893626418018,1.3058151614316598,210.97813540644063,0.0018834362282977768,0.0762108617043442,18.397323558606548,0.2316143661737442,0.10446503758430481,0.09574620863970588,0.02754238464078249
AH_545806326-BD0FE665-1AD5-4F55-8342-0FAB8B15680B.wav,1,distance_quiet_-6db,0,0.412,208.52360663018604,1.3213236845137493,210.97813540644063,0.0018023578281385006,0.08449395247365799,18.980934846672167,0.11625228077173233,0.05250776559114456,0.1018210018382353,0.028954691918187867
AH_545806326-BD0FE665-1AD5-4F55-8342-0FAB8B15680B.wav,1,distance_far_-12db,0,0.154,208.52360663018604,1.3213236845137493,210.97813540644063,0.0018023277252170512,0.08448243799568848,18.9810853935412,0.058264344930648804,0.026316221803426743,0.1018210018382353,0.028954691918187867
AH_545841223-24FB0419-5BAE-4F9C-8EBC-CD62DA6590D2.wav,1,clean,1,0.746,180.65561680187764,41.94800248986875,210.97813540644063,0.0021061691888440226,0.09248303952944491,15.877383458440073,0.0759444385766983,0.05955684185028076,0.241302490234375,0.03710785661903819
AH_545841223-24FB0419-5BAE-4F9C-8EBC-CD62DA6590D2.wav,1,noise_snr_10db,0,0.496,174.64717024847332,53.10891568026854,344.7204357365765,0.00209462414012001,0.15507579530523666,8.264282335964564,0.08554903417825699,0.05386284738779068,0.34354400634765625,0.08851612060150142
AH_545841223-24FB0419-5BAE-4F9C-8EBC-CD62DA6590D2.wav,1,noise_snr_5db,0,0.398,191.5777205233653,41.504968195711406,210.97813540644063,0.0015644820104199282,0.15492844856679153,3.0307301072236235,0.09997370839118958,0.04937191307544708,0.38582611083984375,0.07947131521122905
AH_545841223-24FB0419-5BAE-4F9C-8EBC-CD62DA6590D2.wav,1,noise_snr_0db,0,0.316,108.87246552847267,39.20507709869757,197.9898987322333,0.001928395368883461,0.1904113191145229,-1.6186824567344902,0.1312677264213562,0.04189014434814453,0.4231719970703125,0.06826089679785262
AH_545841223-24FB0419-5BAE-4F9C-8EBC-CD62DA6590D2.wav,1,noise_snr_-5db,0,0.316,180.1864130506264,48.97681761878378,210.97813540644063,0.002419460258156,0.12343368009105149,-3.5748602631157116,0.19746360182762146,0.03031628206372261,0.4560089111328125,0.05815428398317952
AH_545841223-24FB0419-5BAE-4F9C-8EBC-CD62DA6590D2.wav,1,reverb_mild_rt0.3,0,0.204,186.64245580635145,39.475550065364345,276.78392569881095,0.002067072267802618,0.12547106883284878,13.744726291057189,0.05243365839123726,0.04104788973927498,0.21985626220703125,0.036212548832962085
AH_545841223-24FB0419-5BAE-4F9C-8EBC-CD62DA6590D2.wav,1,reverb_heavy_rt0.6,0,0.266,186.9336569231736,36.269361661588015,210.97813540644063,0.001995553566140665,0.09374545429865232,13.851436581778868,0.05590195953845978,0.03992282599210739,0.22896575927734375,0.03374480338703471
AH_545841223-24FB0419-5BAE-4F9C-8EBC-CD62DA6590D2.wav,1,compression_high,1,0.746,180.65561680187764,41.94800248986875,210.97813540644063,0.0021058106283351964,0.09234252159752729,15.883150464159687,0.07594437897205353,0.05955326929688454,0.24155426025390625,0.0366068168467107
AH_545841223-24FB0419-5BAE-4F9C-8EBC-CD62DA6590D2.wav,1,compression_medium,1,0.704,180.65561680187764,41.94800248986875,210.97813540644063,0.0021309565006371123,0.08943261900255044,15.803269615731285,0.07604922354221344,0.05950336530804634,0.2328948974609375,0.03991568268660747
AH_545841223-24FB0419-5BAE-4F9C-8EBC-CD62DA6590D2.wav,1,compression_low,1,0.648,181.1596455669743,47.73118670844567,344.7204357365765,0.0016920224230554033,0.1133553123063895,14.80962417094845,0.07517753541469574,0.059398386627435684,0.178314208984375,0.08236290666342594
AH_545841223-24FB0419-5BAE-4F9C-8EBC-CD62DA6590D2.wav,1,distance_quiet_-6db,0,0.302,180.65561680187764,41.94800248986875,210.97813540644063,0.002106100710714449,0.0924458126636997,15.87735432535378,0.03806258738040924,0.029849179089069366,0.241302490234375,0.03710785661903819
AH_545841223-24FB0419-5BAE-4F9C-8EBC-CD62DA6590D2.wav,1,distance_far_-12db,0,0.232,180.65561680187764,41.94800248986875,210.97813540644063,0.0021065338789711162,0.09262375967169462,15.877088855767472,0.019076326861977577,0.014960109256207943,0.241302490234375,0.03710785661903819
AH_545789670-C297FD53-BF71-4183-86A0-58E5E1EB0DF8.wav,1,clean,1,0.852,188.21679960333094,46.509692068206945,375.92030077847375,0.0033663034999378504,0.10492051120390734,17.763026883351266,0.24172592163085938,0.07082337141036987,0.19610792590725806,0.03501950088460049
AH_545789670-C297FD53-BF71-4183-86A0-58E5E1EB0DF8.wav,1,noise_snr_10db,1,0.526,188.21924903902843,46.38446890492617,373.7551591676096,0.0031577276738400605,0.13344112401228045,8.049521617932859,0.255813866853714,0.06695204228162766,0.24925182711693547,0.0356836410958797
AH_545789670-C297FD53-BF71-4183-86A0-58E5E1EB0DF8.wav,1,noise_snr_5db,0,0.414,188.31274675159608,46.56283006125625,375.92030077847375,0.0034251358388654803,0.16374675739711758,3.9192129438040464,0.2825022041797638,0.06054895371198654,0.3028288810483871,0.050714175978753426
AH_545789670-C297FD53-BF71-4183-86A0-58E5E1EB0DF8.wav,1,noise_snr_0db,0,0.438,183.01283736525127,54.460403419203516,375.92030077847375,0.004471559095097121,0.17141285248683844,-0.14890118899987373,0.34860959649086,0.047463323920965195,0.376708984375,0.04972886666566916
AH_545789670-C297FD53-BF71-4183-86A0-58E5E1EB0DF8.wav,1,noise_snr_-5db,1,0.552,172.2740905856257,64.84808057612445,378.09798492709314,0.0032532073708956668,,-3.016582398531866,0.4850981831550598,0.03510384261608124,0.4317745085685484,0.04340436347907831
AH_545789670-C297FD53-BF71-4183-86A0-58E5E1EB0DF8.wav,1,reverb_mild_rt0.3,0,0.338,188.2157634089845,46.86637501119134,378.09798492709314,0.003064487161175855,0.12358184045808564,14.030164930173873,0.17513030767440796,0.051007308065891266,0.1804750504032258,0.030327800145727595
AH_545789670-C297FD53-BF71-4183-86A0-58E5E1EB0DF8.wav,1,reverb_heavy_rt0.6,1,0.534,188.90989024420338,47.574338399575325,375.92030077847375,0.0030670878110026227,0.13580803301355415,12.694515554913105,0.18541622161865234,0.05665387585759163,0.19716324344758066,0.02815350378128405
AH_545789670-C297FD53-BF71-4183-86A0-58E5E1EB0DF8.wav,1,compression_high,1,0.852,188.21679960333094,46.509692068206945,375.92030077847375,0.0033662582575516077,0.10509359046401555,17.76257044458446,0.24172388017177582,0.07082416862249374,0.19629693800403225,0.03497117986745248
AH_545789670-C297FD53-BF71-4183-86A0-58E5E1EB0DF8.wav,1,compression_medium,1,0.85,188.21679960333094,46.509692068206945,375.92030077847375,0.003366270880521653,0.10495708844271907,17.688158450925147,0.24175697565078735,0.07083411514759064,0.19674584173387097,0.03531753253361976
AH_545789670-C297FD53-BF71-4183-86A0-58E5E1EB0DF8.wav,1,compression_low,1,0.838,188.25172124221587,46.649592219397185,375.92030077847375,0.0033669092453544477,0.10267835710378304,17.1843621016906,0.24172089993953705,0.07064469158649445,0.1964544480846774,0.03609894723989804
AH_545789670-C297FD53-BF71-4183-86A0-58E5E1EB0DF8.wav,1,distance_quiet_-6db,0,0.396,188.21679960333094,46.509692068206945,375.92030077847375,0.003366300838653181,0.10492138966771376,17.762936358417374,0.12115003913640976,0.03549592196941376,0.19610792590725806,0.03501950088460049
AH_545789670-C297FD53-BF71-4183-86A0-58E5E1EB0DF8.wav,1,distance_far_-12db,0,0.312,188.21679960333094,46.509692068206945,375.92030077847375,0.0033662950117488008,0.10492144045638413,17.76295708871708,0.060718752443790436,0.017790120095014572,0.19610792590725806,0.03501950088460049
AH_545789675-243F18DB-4432-4C87-B12C-6EEC2D2D30D6.wav,1,clean,1,0.784,146.9482666839625,10.597895240247018,151.79176184219858,0.00126723216052507,0.13773480456118645,19.075949247661743,0.13156646490097046,0.0707290768623352,0.19843937800480768,0.018650627807736624
AH_545789675-243F18DB-4432-4C87-B12C-6EEC2D2D30D6.wav,1,noise_snr_10db,1,0.56,144.6651049240336,16.639838858778848,156.23959996823126,0.0014377480088680636,0.11582105185513544,8.559070040952207,0.14304523169994354,0.063621386885643,0.30880972055288464,0.079413623935565
AH_545789675-243F18DB-4432-4C87-B12C-6EEC2D2D30D6.wav,1,noise_snr_5db,0,0.448,139.12422733251913,22.737153145832085,151.79176184219858,0.0017000775683609364,0.19004051441051414,3.0346078973305755,0.16134005784988403,0.056166332215070724,0.3578444260817308,0.06861310740510888
AH_545789675-243F18DB-4432-4C87-B12C-6EEC2D2D30D6.wav,1,noise_snr_0db,0,0.362,134.85260232214364,27.393766519061835,151.79176184219858,0.002368529539813586,0.17454580424760635,-0.5729171997495759,0.20527705550193787,0.04469709098339081,0.40636268028846156,0.060981317554552834
AH_545789675-243F18DB-4432-4C87-B12C-6EEC2D2D30D6.wav,1,noise_snr_-5db,0,0.318,110.18722565407037,36.21001885837566,152.6710825731361,0.0024069338129162334,0.19197297028561353,-3.2965267170009143,0.3015099763870239,0.032952554523944855,0.44970703125,0.054140393433111104
AH_545789675-243F18DB-4432-4C87-B12C-6EEC2D2D30D6.wav,1,reverb_mild_rt0.3,0,0.292,147.04627501583641,10.598525156712117,151.79176184219858,0.0010675134300185255,0.11853654322494278,17.448923103468406,0.08953698724508286,0.048869140446186066,0.22660006009615385,0.02960339670374111
AH_545789675-243F18DB-4432-4C87-B12C-6EEC2D2D30D6.wav,1,reverb_heavy_rt0.6,0,0.346,145.66133331513294,14.784945779996525,151.79176184219858,0.0009749633519618682,0.106412604657813,15.90163400105008,0.09302414953708649,0.04867865517735481,0.21622408353365385,0.03920247994629077
AH_545789675-243F18DB-4432-4C87-B12C-6EEC2D2D30D6.wav,1,compression_high,1,0.776,146.9482666839625,10.597895240247018,151.79176184219858,0.0012674053119786188,0.13685054672341518,19.082852842742046,0.13153457641601562,0.07066702097654343,0.19766939603365385,0.0188458952107491
AH_545789675-243F18DB-4432-4C87-B12C-6EEC2D2D30D6.wav,1,compression_medium,1,0.67,146.9482666839625,10.597895240247018,151.79176184219858,0.001272893436235633,0.13913674561907075,18.959976618628136,0.13156786561012268,0.07060331851243973,0.18654221754807693,0.025949140723924888
AH_545789675-243F18DB-4432-4C87-B12C-6EEC2D2D30D6.wav,1,compression_low,1,0.62,146.9486440878203,10.603134593569242,151.79176184219858,0.0014340953559613427,0.06420146559862738,17.775199380477318,0.1298532634973526,0.06865149736404419,0.1518836388221154,0.045198276698410755
AH_545789675-243F18DB-4432-4C87-B12C-6EEC2D2D30D6.wav,1,distance_quiet_-6db,0,0.36,146.9482666839625,10.597895240247018,151.79176184219858,0.0012672540983464343,0.13771748878538517,19.075870804223108,0.06593907624483109,0.03544839844107628,0.19843937800480768,0.018650627807736624
AH_545789675-243F18DB-4432-4C87-B12C-6EEC2D2D30D6.wav,1,distance_far_-12db,0,0.258,146.9482666839625,10.597895240247018,151.79176184219858,0.0012673092498030458,0.13762788741856954,19.076002053932477,0.03304805979132652,0.017766278237104416,0.19843937800480768,0.018650627807736624
AH_545841226-C699FC9E-1E0C-474D-A12A-936DD92B8980.wav,1,clean,1,0.858,169.42029465096618,1.1357902167049014,173.35869045284167,0.0014058404707528252,0.07597001319277111,19.04564082116126,0.09954410046339035,0.08497566729784012,0.2016342298119469,0.02542150527632915
AH_545841226-C699FC9E-1E0C-474D-A12A-936DD92B8980.wav,1,noise_snr_10db,1,0.636,164.99643829330935,19.06576087302541,173.35869045284167,0.001616415185384548,0.14188902235609704,7.785561541156392,0.11162105202674866,0.08014458417892456,0.32499654314159293,0.08441781670032308
AH_545841226-C699FC9E-1E0C-474D-A12A-936DD92B8980.wav,1,noise_snr_5db,1,0.59,154.2136226921816,32.34081535290361,173.35869045284167,0.002000913883868414,0.16874561536251587,1.1294240569109968,0.1309373676776886,0.07418856769800186,0.3692443307522124,0.0823545250458443
AH_545841226-C699FC9E-1E0C-474D-A12A-936DD92B8980.wav,1,noise_snr_0db,0,0.488,149.08959439389142,35.71969757025989,173.35869045284167,0.0029281658688045252,0.14644197083324464,-1.7664767691329215,0.17384915053844452,0.0642809271812439,0.41776133849557523,0.06899604640623938
AH_545841226-C699FC9E-1E0C-474D-A12A-936DD92B8980.wav,1,noise_snr_-5db,0,0.312,160.11112256529887,26.037977826193078,174.36294713023523,0.003159111329598939,0.1759615930365354,-3.4462296363328675,0.2621011435985565,0.0487627349793911,0.45689297566371684,0.0601425314499613
AH_545841226-C699FC9E-1E0C-474D-A12A-936DD92B8980.wav,1,reverb_mild_rt0.3,0,0.468,169.61898735424666,1.0430082078648186,173.35869045284167,0.0012395986968450007,0.0700830653733235,19.615157241190712,0.08774179220199585,0.06700493395328522,0.191233407079646,0.017819991927155443
AH_545841226-C699FC9E-1E0C-474D-A12A-936DD92B8980.wav,1,reverb_heavy_rt0.6,1,0.546,169.47180104703702,1.0649562383694775,173.35869045284167,0.0011931890025678978,0.10340664651010567,16.608027621056852,0.07943864911794662,0.06394226849079132,0.1953125,0.02010183134182895
AH_545841226-C699FC9E-1E0C-474D-A12A-936DD92B8980.wav,1,compression_high,1,0.858,169.42029465096618,1.1357902167049014,173.35869045284167,0.00140587102852524,0.07597670548045171,19.057103863709195,0.09954317659139633,0.08497025072574615,0.20204473174778761,0.02542230291271626
AH_545841226-C699FC9E-1E0C-474D-A12A-936DD92B8980.wav,1,compression_medium,1,0.854,169.42029465096618,1.1357902167049014,173.35869045284167,0.0014051236341291193,0.076269278068997,18.893522945075436,0.099637471139431,0.08492720872163773,0.1979094648783186,0.024226609025580135
AH_545841226-C699FC9E-1E0C-474D-A12A-936DD92B8980.wav,1,compression_low,1,0.81,169.51537231479296,1.1042448916293814,173.35869045284167,0.001431667019523404,0.07414209510703981,17.079637046048784,0.09961108863353729,0.08432624489068985,0.16918297151548672,0.026363195410090495
AH_545841226-C699FC9E-1E0C-474D-A12A-936DD92B8980.wav,1,distance_quiet_-6db,0,0.242,169.42029465096618,1.1357902167049014,173.35869045284167,0.001405829139940746,0.075961171528273,19.0451901203136,0.04989059269428253,0.04258868843317032,0.2016342298119469,0.02542150527632915
AH_545841226-C699FC9E-1E0C-474D-A12A-936DD92B8980.wav,1,distance_far_-12db,0,0.166,169.42029465096618,1.1357902167049014,173.35869045284167,0.0014058809556417966,0.07595060601884122,19.046060698863844,0.025004925206303596,0.021344825625419617,0.2016342298119469,0.02542150527632915
AH_469Z_5BB05B2C-39C4-434D-9445-244E7580F840.wav,0,clean,0,0.112,101.03898602723852,1.1899262275878735,104.27742241858917,0.004786001456175415,0.14015481582380143,13.079358326480923,0.22203205525875092,0.06914331018924713,0.18785121984649122,0.015292666787980816
AH_469Z_5BB05B2C-39C4-434D-9445-244E7580F840.wav,0,noise_snr_10db,0,0.286,101.06963738461442,1.183976326317047,104.27742241858917,0.004542905800051681,0.14817255569129018,6.26545453135679,0.23545992374420166,0.06298143416643143,0.28598718475877194,0.06068887962236116
AH_469Z_5BB05B2C-39C4-434D-9445-244E7580F840.wav,0,noise_snr_5db,0,0.284,100.3116596853422,3.286064955277859,104.27742241858917,0.004105006684014493,0.17250649748099867,2.532005948257508,0.25911617279052734,0.05392325296998024,0.3397152549342105,0.057273912588845156
AH_469Z_5BB05B2C-39C4-434D-9445-244E7580F840.wav,0,noise_snr_0db,0,0.372,99.35810044462755,4.458437927547595,101.30884662082647,0.0048635595519066575,0.16870766912374194,-0.8167343497348989,0.3234078288078308,0.04048579931259155,0.3944370202850877,0.05015229560164867
AH_469Z_5BB05B2C-39C4-434D-9445-244E7580F840.wav,0,reverb_mild_rt0.3,0,0.1,100.92536375021687,1.0941633840770044,104.27742241858917,0.004288675400764864,0.140016711183874,11.493253269414849,0.17452788352966309,0.054262686520814896,0.16859409265350878,0.017309989112172394
AH_469Z_5BB05B2C-39C4-434D-9445-244E7580F840.wav,0,reverb_heavy_rt0.6,0,0.104,101.19326262360022,1.2402256321049636,104.27742241858917,0.004369664430126374,0.16150164026747524,9.220771599192739,0.15556591749191284,0.050226788967847824,0.18672902960526316,0.01990353866536796
AH_469Z_5BB05B2C-39C4-434D-9445-244E7580F840.wav,0,compression_high,0,0.112,101.03898602723852,1.1899262275878735,104.27742241858917,0.0047858370004746735,0.14012026872593716,13.081968557431601,0.22202050685882568,0.06913943588733673,0.18777412280701755,0.015288909086457513
AH_469Z_5BB05B2C-39C4-434D-9445-244E7580F840.wav,0,compression_medium,0,0.118,101.03898602723852,1.1899262275878735,104.27742241858917,0.004787426891605931,0.1395955247057538,13.046632791468284,0.22203320264816284,0.0691312924027443,0.18642920778508773,0.014721764170523378
AH_469Z_5BB05B2C-39C4-434D-9445-244E7580F840.wav,0,compression_low,0,0.138,101.0694615229938,1.1691444364580728,104.27742241858917,0.0049217978130817125,0.14046789315851807,13.18618330469137,0.22042055428028107,0.06909845769405365,0.16775459155701755,0.018190198095027924
AH_469Z_5BB05B2C-39C4-434D-9445-244E7580F840.wav,0,distance_quiet_-6db,0,0.076,101.03898602723852,1.1899262275878735,104.27742241858917,0.004785992824242953,0.14016196401895697,13.079368027513915,0.11127960681915283,0.0346536710858345,0.18785121984649122,0.015292666787980816
AH_469Z_5BB05B2C-39C4-434D-9445-244E7580F840.wav,0,distance_far_-12db,0,0.082,101.03898602723852,1.1899262275878735,104.27742241858917,0.004785886634393811,0.14015960811887873,13.079487503827123,0.05577182024717331,0.017368048429489136,0.18785121984649122,0.015292666787980816
AH_121A_BD5BA248-E807-4CB9-8B53-47E7FFE5F8E2.wav,0,clean,0,0.102,234.7005955743272,1.3724680715025077,242.35023708172005,0.0007804976927300324,0.06452378333485095,22.675018869006426,0.28707292675971985,0.027691727504134178,0.1302734375,0.037789674144904736
AH_121A_BD5BA248-E807-4CB9-8B53-47E7FFE5F8E2.wav,0,noise_snr_10db,0,0.366,234.7307310843329,1.3737252892736485,242.35023708172005,0.0010927474084689622,0.1543865231827762,9.860523397263558,0.3002741038799286,0.02696012519299984,0.2400173611111111,0.033776069832168645
AH_121A_BD5BA248-E807-4CB9-8B53-47E7FFE5F8E2.wav,0,noise_snr_5db,0,0.456,234.79117567210997,1.4034242918285385,242.35023708172005,0.0018501073320502672,0.20099642022679062,5.357220546121012,0.3294588625431061,0.028156349435448647,0.3018337673611111,0.03177406095451535
AH_121A_BD5BA248-E807-4CB9-8B53-47E7FFE5F8E2.wav,0,noise_snr_0db,0,0.432,205.4294287133629,53.812583027868385,242.35023708172005,0.00397854825072792,0.20058746976145947,0.87151655798032,0.3977091908454895,0.027370808646082878,0.3659939236111111,0.034695017011492565
AH_121A_BD5BA248-E807-4CB9-8B53-47E7FFE5F8E2.wav,0,reverb_mild_rt0.3,0,0.14,234.82272507180832,1.6284324059693809,243.75415772291475,0.0005792214353517297,0.0903467971147096,20.777677047698116,0.2070004791021347,0.02296050451695919,0.14913194444444444,0.02784896629497259
AH_121A_BD5BA248-E807-4CB9-8B53-47E7FFE5F8E2.wav,0,reverb_heavy_rt0.6,0,0.116,234.61193581126977,1.6397991489312764,242.35023708172005,0.0006324281053265115,0.06705742695576243,20.445972094477323,0.2250755876302719,0.0258670374751091,0.11463758680555555,0.026740875480189503
AH_121A_BD5BA248-E807-4CB9-8B53-47E7FFE5F8E2.wav,0,compression_high,0,0.1,234.7005955743272,1.3724680715025077,242.35023708172005,0.0007806741923581995,0.06443039806880903,22.67928890275292,0.2870658338069916,0.027691122144460678,0.13051215277777778,0.037574978818599426
AH_121A_BD5BA248-E807-4CB9-8B53-47E7FFE5F8E2.wav,0,compression_medium,0,0.12,234.7005955743272,1.3724680715025077,242.35023708172005,0.000779102859056003,0.06556335644283108,22.635158699647576,0.2870912253856659,0.02769678644835949,0.13139105902777778,0.0373843099993788
AH_121A_BD5BA248-E807-4CB9-8B53-47E7FFE5F8E2.wav,0,compression_low,0,0.122,234.67063363208712,1.3998085336174169,242.35023708172005,0.0007784042100660705,0.06221056297895959,22.115204293391542,0.28688162565231323,0.02772108092904091,0.13427734375,0.038843106765856686
AH_121A_BD5BA248-E807-4CB9-8B53-47E7FFE5F8E2.wav,0,distance_quiet_-6db,0,0.138,234.7005955743272,1.3724680715025077,242.35023708172005,0.0007804980617133995,0.06451068938112275,22.675056602264494,0.14387725293636322,0.013878651894629002,0.1302734375,0.037789674144904736
AH_121A_BD5BA248-E807-4CB9-8B53-47E7FFE5F8E2.wav,0,distance_far_-12db,0,0.162,234.7005955743272,1.3724680715025077,242.35023708172005,0.0007804898691498703,0.06450545816782843,22.67510073616429,0.07210973650217056,0.006955829914659262,0.1302734375,0.037789674144904736
AH_322A_C3BF5535-A11E-498E-94EB-BE7E74099FFB.wav,0,clean,0,0.062,98.69313522942345,0.43466679907486727,99.5684212738097,0.002070419364623803,0.0992026613969454,18.840925131706086,0.2407536506652832,0.029589258134365082,0.18578361742424243,0.016569380124378377
AH_322A_C3BF5535-A11E-498E-94EB-BE7E74099FFB.wav,0,noise_snr_10db,0,0.156,98.71041307647049,0.4349882840342732,99.5684212738097,0.002150531910981744,0.15126749993958086,9.042971144760472,0.25181901454925537,0.02770019695162773,0.27803178267045453,0.02502649482248126
AH_322A_C3BF5535-A11E-498E-94EB-BE7E74099FFB.wav,0,noise_snr_5db,0,0.144,98.70177415294697,0.43491337957365883,99.5684212738097,0.0024168514080898603,0.161861664534145,4.442416646511012,0.2750523090362549,0.025856459513306618,0.3415305397727273,0.028663925697759555
AH_322A_C3BF5535-A11E-498E-94EB-BE7E74099FFB.wav,0,noise_snr_0db,0,0.302,98.8058415934281,0.5094114776478395,99.5684212738097,0.003441729229552344,0.1355176223956495,-0.12202166799233388,0.337255597114563,0.023474503308534622,0.3999689275568182,0.034541540163662
AH_322A_C3BF5535-A11E-498E-94EB-BE7E74099FFB.wav,0,noise_snr_-5db,0,0.402,98.64175007525937,0.522318207569252,99.5684212738097,,,-3.4327543190468974,0.47124141454696655,0.022069524973630905,0.4420129024621212,0.03835436768523881
AH_322A_C3BF5535-A11E-498E-94EB-BE7E74099FFB.wav,0,reverb_mild_rt0.3,0,0.138,98.63266247652214,0.4278833747699845,99.5684212738097,0.0018112820064623127,0.11358199828179068,15.705546621471948,0.17219437658786774,0.021701687946915627,0.22154651988636365,0.020031896042106066
AH_322A_C3BF5535-A11E-498E-94EB-BE7E74099FFB.wav,0,reverb_heavy_rt0.6,0,0.068,98.7449187257897,0.4219588571904981,99.5684212738097,0.0017449042006775551,0.10842051625903304,16.952628071019568,0.18247751891613007,0.02573956549167633,0.1851177793560606,0.015663680582028768
AH_322A_C3BF5535-A11E-498E-94EB-BE7E74099FFB.wav,0,compression_high,0,0.07,98.69313522942345,0.43466679907486727,99.5684212738097,0.0020704131733852702,0.09911484072216392,18.842223316193287,0.2407495528459549,0.029588719829916954,0.18568004261363635,0.016798308437988647
AH_322A_C3BF5535-A11E-498E-94EB-BE7E74099FFB.wav,0,compression_medium,0,0.06,98.69313522942345,0.43466679907486727,99.5684212738097,0.0020707453223296752,0.09950532575378389,18.801581830440067,0.2407338172197342,0.029595661908388138,0.1852731415719697,0.016570227395157792
AH_322A_C3BF5535-A11E-498E-94EB-BE7E74099FFB.wav,0,compression_low,0,0.078,98.69313522942345,0.43466679907486727,99.5684212738097,0.0020735164304405045,0.09583053043426,18.450294078746044,0.2405984103679657,0.029486430808901787,0.1822176846590909,0.0162878543243332
AH_322A_C3BF5535-A11E-498E-94EB-BE7E74099FFB.wav,0,distance_quiet_-6db,0,0.136,98.69313522942345,0.43466679907486727,99.5684212738097,0.002070420249820423,0.09919799207189736,18.840905759008777,0.12066259980201721,0.014829833060503006,0.18578361742424243,0.016569380124378377
AH_322A_C3BF5535-A11E-498E-94EB-BE7E74099FFB.wav,0,distance_far_-12db,0,0.146,98.69313522942345,0.43466679907486727,99.5684212738097,0.0020704329077791926,0.09919965841256947,18.840841769226824,0.060474567115306854,0.007432514801621437,0.18578361742424243,0.016569380124378377
AH_325J_7F5F27AA-5A93-43CF-AB17-FC53940BF4B0.wav,0,clean,0,0.092,182.24649964292604,2.0151299255212702,185.80124392739953,0.0012447306146905295,0.12165538116440247,19.473464195699513,0.2913828194141388,0.03188116103410721,0.11260395665322581,0.022489571502678697
AH_325J_7F5F27AA-5A93-43CF-AB17-FC53940BF4B0.wav,0,noise_snr_10db,0,0.234,182.2806236704765,2.0298871433676653,185.80124392739953,0.001324815441538112,0.18332516587246814,9.544887817324152,0.30541300773620605,0.030448270961642265,0.21251260080645162,0.023775581894694132
AH_325J_7F5F27AA-5A93-43CF-AB17-FC53940BF4B0.wav,0,noise_snr_5db,0,0.344,182.34887286412166,2.057691520250208,185.80124392739953,0.001801698083918765,0.19322395799525258,5.159596874367503,0.33264338970184326,0.031448639929294586,0.27613092237903225,0.028685625875452384
AH_325J_7F5F27AA-5A93-43CF-AB17-FC53940BF4B0.wav,0,noise_snr_0db,0,0.388,173.69846761464575,27.541963529091944,185.80124392739953,0.003269952664516004,0.19080952776610893,0.6683742754014333,0.40524065494537354,0.032648250460624695,0.36625819052419356,0.0390103598511109
AH_325J_7F5F27AA-5A93-43CF-AB17-FC53940BF4B0.wav,0,noise_snr_-5db,1,0.518,158.67525615986892,39.3800040349621,186.87757958380482,,,-3.1296366523503303,0.5408253073692322,0.03787057846784592,0.42671055947580644,0.048024567873073416
AH_325J_7F5F27AA-5A93-43CF-AB17-FC53940BF4B0.wav,0,reverb_mild_rt0.3,0,0.09,182.38122686743276,1.9075235096505094,185.80124392739953,0.001054838631373696,0.08466989270432634,18.894250590271785,0.2159537822008133,0.030579788610339165,0.09130859375,0.029470409688595215
AH_325J_7F5F27AA-5A93-43CF-AB17-FC53940BF4B0.wav,0,reverb_heavy_rt0.6,0,0.172,182.2796386805533,1.9386461521435632,185.80124392739953,0.0010094897344401685,0.07160950477766288,18.42358388970158,0.23156771063804626,0.029531531035900116,0.11737651209677419,0.021372997816719416
AH_325J_7F5F27AA-5A93-43CF-AB17-FC53940BF4B0.wav,0,compression_high,0,0.126,182.24649964292604,2.0151299255212702,185.80124392739953,0.0012447566725245632,0.12151580682511011,19.477634711116746,0.29137369990348816,0.03187606856226921,0.11336000504032258,0.022173212720771388
AH_325J_7F5F27AA-5A93-43CF-AB17-FC53940BF4B0.wav,0,compression_medium,0,0.15,182.24649964292604,2.0151299255212702,185.80124392739953,0.001245287442768434,0.12179530027758746,19.45924698425798,0.2914012670516968,0.031871724873781204,0.10825667842741936,0.021398357501372964
AH_325J_7F5F27AA-5A93-43CF-AB17-FC53940BF4B0.wav,0,compression_low,0,0.132,182.24649964292604,2.0151299255212702,185.80124392739953,0.001244639641257693,0.12247798763115678,19.403224412570047,0.289711058139801,0.031831882894039154,0.09611265120967742,0.01933419398136768
AH_325J_7F5F27AA-5A93-43CF-AB17-FC53940BF4B0.wav,0,distance_quiet_-6db,0,0.094,182.24649964292604,2.0151299255212702,185.80124392739953,0.0012447292461589877,0.12166575658966865,19.473436917294812,0.14603717625141144,0.015978597104549408,0.11260395665322581,0.022489571502678697
AH_325J_7F5F27AA-5A93-43CF-AB17-FC53940BF4B0.wav,0,distance_far_-12db,0,0.106,182.24649964292604,2.0151299255212702,185.80124392739953,0.0012447130126628273,0.12168798816035174,19.47351671577506,0.0731920376420021,0.008008234202861786,0.11260395665322581,0.022489571502678697
AH_888A_7F1444B0-B12C-4B55-AF2A-463395DCAF3C.wav,0,clean,0,0.066,83.48369505626604,1.561013038053153,86.67934522642084,0.006805923648193275,0.171906040391611,8.303295406899027,0.2150307595729828,0.043884456157684326,0.20367838541666666,0.024092412414233242
AH_888A_7F1444B0-B12C-4B55-AF2A-463395DCAF3C.wav,0,noise_snr_10db,0,0.138,85.8429743921139,16.12691226030935,192.35351064413248,0.006826959242898336,0.1725385786681523,5.198372154277198,0.22538278996944427,0.04169578105211258,0.27594401041666666,0.03081284675807108
AH_888A_7F1444B0-B12C-4B55-AF2A-463395DCAF3C.wav,0,noise_snr_5db,0,0.138,83.49509418766607,1.597308896297171,86.67934522642084,0.007001732941535754,0.16387832530482419,2.353342695518716,0.2479419708251953,0.03944677487015724,0.3280707465277778,0.03752765656062723
AH_888A_7F1444B0-B12C-4B55-AF2A-463395DCAF3C.wav,0,noise_snr_0db,0,0.174,83.54869515231313,1.5992243526217358,86.67934522642084,0.007019736229368817,0.13716090211475013,-1.150392269388134,0.3057343065738678,0.03578777238726616,0.38575303819444445,0.04032104623564818
AH_888A_7F1444B0-B12C-4B55-AF2A-463395DCAF3C.wav,0,noise_snr_-5db,0,0.492,82.72614820757902,2.646562236797025,86.67934522642084,,,-3.7983660573078435,0.4331039488315582,0.03534494712948799,0.4339735243055556,0.04850051651609576
AH_888A_7F1444B0-B12C-4B55-AF2A-463395DCAF3C.wav,0,reverb_mild_rt0.3,0,0.08,83.1307773528224,1.2403145032600744,86.18010893414414,0.005772714360934966,0.15695875310014412,6.187821025848582,0.15778575837612152,0.031291414052248,0.2052734375,0.024718672632095526
AH_888A_7F1444B0-B12C-4B55-AF2A-463395DCAF3C.wav,0,reverb_heavy_rt0.6,0,0.07,83.57958705283691,1.52852489873952,86.67934522642084,0.006246322804834136,0.16128413771421518,6.040479364671024,0.15528303384780884,0.031387291848659515,0.18467881944444445,0.028809216994069218
AH_888A_7F1444B0-B12C-4B55-AF2A-463395DCAF3C.wav,0,compression_high,0,0.062,83.48369505626604,1.561013038053153,86.67934522642084,0.006806409562436449,0.17182469562533334,8.303888020783987,0.21502812206745148,0.043884146958589554,0.20363498263888888,0.02529423719276955
AH_888A_7F1444B0-B12C-4B55-AF2A-463395DCAF3C.wav,0,compression_medium,0,0.06,83.48369505626604,1.561013038053153,86.67934522642084,0.006807652524093346,0.17317780118791626,8.304975071390418,0.21502655744552612,0.04386284202337265,0.2019314236111111,0.02470627116550917
AH_888A_7F1444B0-B12C-4B55-AF2A-463395DCAF3C.wav,0,compression_low,0,0.062,83.47247853893268,1.5333959843371434,86.67934522642084,0.006825401329372699,0.17256618510517477,8.395691422996665,0.21403613686561584,0.04371732473373413,0.19258897569444444,0.02434527829656039
AH_888A_7F1444B0-B12C-4B55-AF2A-463395DCAF3C.wav,0,distance_quiet_-6db,0,0.094,83.48369505626604,1.561013038053153,86.67934522642084,0.006805904513944201,0.17191837609698143,8.303297937770067,0.10777056962251663,0.021994169801473618,0.20367838541666666,0.024092412414233242
AH_888A_7F1444B0-B12C-4B55-AF2A-463395DCAF3C.wav,0,distance_far_-12db,0,0.124,83.48369505626604,1.561013038053153,86.67934522642084,0.006805944373943499,0.17193874340069315,8.303250666708092,0.054013147950172424,0.011023272760212421,0.20367838541666666,0.024092412414233242
AH_777R_A36CF7FA-37FD-483E-98FE-040942B1DF49.wav,0,clean,0,0.162,213.6356928532157,2.2061437230808276,218.41826328374458,0.001041918984504588,0.06059800468456187,21.24491071071233,0.3104035556316376,0.055419545620679855,0.12414336622807018,0.031904662142094066
AH_777R_A36CF7FA-37FD-483E-98FE-040942B1DF49.wav,0,noise_snr_10db,0,0.474,213.6797153758325,2.277671478390348,219.6835474110902,0.0013490082872380418,0.136154043586677,9.494551165497027,0.3259992301464081,0.05186421796679497,0.19000137061403508,0.04653037202834655
AH_777R_A36CF7FA-37FD-483E-98FE-040942B1DF49.wav,0,noise_snr_5db,0,0.486,211.9154117696974,14.39431492527476,218.41826328374458,0.0028324069180361787,0.1768722906731727,4.976168122890875,0.35878339409828186,0.04724957048892975,0.2542917351973684,0.05254722829545644
AH_777R_A36CF7FA-37FD-483E-98FE-040942B1DF49.wav,0,noise_snr_0db,0,0.438,194.58735909498597,42.75193539517817,218.41826328374458,0.004641967214252327,0.18422471385928146,0.6428085711353329,0.4332757592201233,0.036904677748680115,0.3429361979166667,0.04614513511351561
AH_777R_A36CF7FA-37FD-483E-98FE-040942B1DF49.wav,0,reverb_mild_rt0.3,0,0.206,213.6356913931809,2.2057134926582385,218.41826328374458,0.0009619160633165987,0.10364197736553131,18.140649139586955,0.1964125782251358,0.03989235311746597,0.1455592105263158,0.031348849671644294
AH_777R_A36CF7FA-37FD-483E-98FE-040942B1DF49.wav,0,reverb_heavy_rt0.6,0,0.17,213.52760707295988,2.2177731560829903,218.41826328374458,0.0008971615806797939,0.07416778616723507,19.669645740411116,0.23079989850521088,0.05023469775915146,0.10750753837719298,0.025446429837941778
AH_777R_A36CF7FA-37FD-483E-98FE-040942B1DF49.wav,0,compression_high,0,0.17,213.6356928532157,2.2061437230808276,218.41826328374458,0.0010418773721976066,0.060635973449764895,21.24626098117158,0.31040143966674805,0.05542032793164253,0.12417763157894737,0.032041355364875575
AH_777R_A36CF7FA-37FD-483E-98FE-040942B1DF49.wav,0,compression_medium,0,0.172,213.6356928532157,2.2061437230808276,218.41826328374458,0.001042129310768413,0.06070707935937889,21.21769267621391,0.3104221522808075,0.05541721731424332,0.12548828125,0.03211109947627848
AH_777R_A36CF7FA-37FD-483E-98FE-040942B1DF49.wav,0,compression_low,0,0.186,213.6356928532157,2.2061437230808276,218.41826328374458,0.0010426800057819435,0.061339176127435766,20.93992987145811,0.3103344440460205,0.0554809607565403,0.12734717653508773,0.030839389252861303
AH_777R_A36CF7FA-37FD-483E-98FE-040942B1DF49.wav,0,distance_quiet_-6db,0,0.076,213.6356928532157,2.2061437230808276,218.41826328374458,0.0010419232950245876,0.06060180956532625,21.24485670289199,0.15557126700878143,0.027776090428233147,0.12414336622807018,0.031904662142094066
AH_777R_A36CF7FA-37FD-483E-98FE-040942B1DF49.wav,0,distance_far_-12db,0,0.142,213.6356928532157,2.2061437230808276,218.41826328374458,0.0010419234876205695,0.0606066513441639,21.244934053376284,0.07796990126371384,0.013920851983129978,0.12414336622807018,0.031904662142094066
AH_222K_FC9D2763-1836-460B-954F-37F23D6CD81D.wav,0,clean,0,0.078,99.39797107277685,3.130191233029344,101.8957227989531,0.008538864550460138,0.13317613158468364,11.421807193188675,0.24574418365955353,0.028949100524187088,0.1861139112903226,0.02624705940517036
AH_222K_FC9D2763-1836-460B-954F-37F23D6CD81D.wav,0,noise_snr_10db,0,0.226,99.49429010434748,3.148831425275707,101.8957227989531,0.006964125009036368,0.14529719583111114,6.488852856987412,0.2574672996997833,0.030302371829748154,0.2637663810483871,0.03865606096731431
AH_222K_FC9D2763-1836-460B-954F-37F23D6CD81D.wav,0,noise_snr_5db,0,0.306,348.3969484654521,2.1443954948265453,350.74604281475587,0.006059500880561684,0.1352270562531662,3.1513625947456556,0.2810651957988739,0.028927475214004517,0.3113186743951613,0.04192212391302494
AH_222K_FC9D2763-1836-460B-954F-37F23D6CD81D.wav,0,noise_snr_-5db,1,0.572,138.16212795398778,81.05813837493916,336.84701010299267,,,-3.2989577145593616,0.4787747263908386,0.03900261968374252,0.4230563256048387,0.05540186414143768
AH_222K_FC9D2763-1836-460B-954F-37F23D6CD81D.wav,0,reverb_mild_rt0.3,0,0.198,199.26886524386697,120.49509336841214,354.82151552037743,0.005601431422820522,0.17207338841185627,7.863199709904623,0.1714644581079483,0.021367957815527916,0.18557837701612903,0.02448356270765266
AH_222K_FC9D2763-1836-460B-954F-37F23D6CD81D.wav,0,reverb_heavy_rt0.6,0,0.128,99.32369516108096,3.2479940191953727,101.30884662082647,0.00536749810792806,0.17139112284007826,7.280648652056687,0.18338623642921448,0.021720126271247864,0.17545047883064516,0.02369803940993639
AH_222K_FC9D2763-1836-460B-954F-37F23D6CD81D.wav,0,compression_high,0,0.078,99.39797107277685,3.130191233029344,101.8957227989531,0.00853927302204809,0.1331040494293549,11.422621621665321,0.24573494493961334,0.028947852551937103,0.18589339717741934,0.026306503573795433
AH_222K_FC9D2763-1836-460B-954F-37F23D6CD81D.wav,0,compression_medium,0,0.078,99.39797107277685,3.130191233029344,101.8957227989531,0.008538394869960214,0.13286643194665476,11.411217720675328,0.24574342370033264,0.028926171362400055,0.18512159778225806,0.025884624106649913
AH_222K_FC9D2763-1836-460B-954F-37F23D6CD81D.wav,0,compression_low,0,0.072,99.39797107277685,3.130191233029344,101.8957227989531,0.008921072753408024,0.14983833804748056,11.526198110037443,0.2450735718011856,0.028980402275919914,0.1798765120967742,0.02515223434011265
AH_222K_FC9D2763-1836-460B-954F-37F23D6CD81D.wav,0,distance_quiet_-6db,0,0.134,99.39797107277685,3.130191233029344,101.8957227989531,0.008538861569675224,0.13317118082814772,11.421820488706274,0.1231636330485344,0.014508718624711037,0.1861139112903226,0.02624705940517036
AH_222K_FC9D2763-1836-460B-954F-37F23D6CD81D.wav,0,distance_far_-12db,0,0.144,99.39797107277685,3.130191233029344,101.8957227989531,0.008538820998299836,0.13316720514619992,11.421875019311912,0.061728090047836304,0.007271785754710436,0.1861139112903226,0.02624705940517036
AH_420J_07C96C2C-6E96-4A2F-BEC9-5CB71DB309B6.wav,0,clean,0,0.194,214.71972019213413,4.783095460428566,222.23614727554795,0.0027079094414525075,0.09729216700126114,16.240334798730224,0.3005675673484802,0.04133438318967819,0.2684795673076923,0.038238446919366245
AH_420J_07C96C2C-6E96-4A2F-BEC9-5CB71DB309B6.wav,0,noise_snr_10db,0,0.274,214.71972019213413,4.783095460428566,222.23614727554795,0.0012478631121894115,0.15664702489661683,8.491141922274473,0.31356891989707947,0.04073917120695114,0.2976637620192308,0.03683333850334795
AH_420J_07C96C2C-6E96-4A2F-BEC9-5CB71DB309B6.wav,0,noise_snr_5db,0,0.412,214.67298385968394,4.8251782561594885,222.23614727554795,0.0013401161931196944,0.19324203087424308,4.332012785530483,0.34084632992744446,0.04073163494467735,0.3414963942307692,0.04037275314781003
AH_420J_07C96C2C-6E96-4A2F-BEC9-5CB71DB309B6.wav,0,noise_snr_0db,0,0.42,202.28671228721407,34.451772427748764,222.23614727554795,0.0022809237626631364,0.17188825752998413,0.35271842844330054,0.4143315553665161,0.040356025099754333,0.39053109975961536,0.051819611435533784
AH_420J_07C96C2C-6E96-4A2F-BEC9-5CB71DB309B6.wav,0,noise_snr_-5db,1,0.606,194.78884437605782,44.166758273945526,222.23614727554795,,,-3.159596677676902,0.5495221614837646,0.04447121545672417,0.4312274639423077,0.05605864169067694
AH_420J_07C96C2C-6E96-4A2F-BEC9-5CB71DB309B6.wav,0,reverb_mild_rt0.3,0,0.372,214.71972019213413,4.783095460428566,222.23614727554795,0.0011370793157517336,0.10859922193230108,15.561696508465172,0.2388981431722641,0.032641198486089706,0.2548264723557692,0.032246851916731545
AH_420J_07C96C2C-6E96-4A2F-BEC9-5CB71DB309B6.wav,0,reverb_heavy_rt0.6,0,0.418,214.626516708701,4.877769150733621,222.23614727554795,0.0011109982249245844,0.10482068799834558,15.627000741423723,0.2346821427345276,0.04448843002319336,0.23292893629807693,0.03740925710326945
AH_420J_07C96C2C-6E96-4A2F-BEC9-5CB71DB309B6.wav,0,compression_high,0,0.194,214.71972019213413,4.783095460428566,222.23614727554795,0.002707612477347284,0.09733202213852674,16.24223761097185,0.30053824186325073,0.04132192209362984,0.26851712740384615,0.03911151406741373
AH_420J_07C96C2C-6E96-4A2F-BEC9-5CB71DB309B6.wav,0,compression_medium,0,0.2,214.71972019213413,4.783095460428566,222.23614727554795,0.002707456480078226,0.09772398091125331,16.228544576333412,0.3005565404891968,0.04132227972149849,0.2672776442307692,0.03956540308603316
AH_420J_07C96C2C-6E96-4A2F-BEC9-5CB71DB309B6.wav,0,compression_low,0,0.306,214.71972019213413,4.783095460428566,222.23614727554795,0.0026981318579091386,0.10218938675964147,16.13475978597175,0.2987058758735657,0.04151735454797745,0.25108924278846156,0.03980207785681137
AH_420J_07C96C2C-6E96-4A2F-BEC9-5CB71DB309B6.wav,0,distance_quiet_-6db,0,0.192,214.71972019213413,4.783095460428566,222.23614727554795,0.0027078968484005417,0.09729126319847696,16.24033907045298,0.15064050257205963,0.02071620151400566,0.2684795673076923,0.038238446919366245
AH_420J_07C96C2C-6E96-4A2F-BEC9-5CB71DB309B6.wav,0,distance_far_-12db,0,0.218,214.71972019213413,4.783095460428566,222.23614727554795,0.002707828124547576,0.09728001808802857,16.24029534421565,0.0754988044500351,0.010382668115198612,0.2684795673076923,0.038238446919366245
AH_753G_073DCC32-4397-4719-A019-DDD41F30F5F1.wav,0,clean,0,0.222,116.89986984556202,12.420367758881305,136.80239558079444,0.004541900534400678,0.13956337428037818,11.683185372161399,0.18007591366767883,0.07551637291908264,0.11080616918103449,0.019491613131983245
AH_753G_073DCC32-4397-4719-A019-DDD41F30F5F1.wav,0,noise_snr_10db,0,0.346,116.85461652626422,12.420574136655768,136.80239558079444,0.0055090593860045835,0.14667663495178887,5.784280186871731,0.19206194579601288,0.0694551095366478,0.21555091594827586,0.07303474869586045
AH_753G_073DCC32-4397-4719-A019-DDD41F30F5F1.wav,0,noise_snr_5db,0,0.334,116.95397013292586,12.495324742473558,136.80239558079444,0.0055896216395787904,0.15347519756252384,2.3137375389508743,0.21457380056381226,0.06212116777896881,0.2808459051724138,0.08651796321069975
AH_753G_073DCC32-4397-4719-A019-DDD41F30F5F1.wav,0,noise_snr_0db,0,0.366,117.0976647464122,12.765302853990862,137.59488379633515,0.007147480984705891,0.13398202679488527,-0.664820515282259,0.27264633774757385,0.052698764950037,0.35386920797413796,0.08082522313238487
AH_753G_073DCC32-4397-4719-A019-DDD41F30F5F1.wav,0,noise_snr_-5db,1,0.574,118.06119057645297,11.976885510651313,137.59488379633515,,,-3.029239703773406,0.3904135525226593,0.04363485425710678,0.41008890086206895,0.06780519334729278
AH_753G_073DCC32-4397-4719-A019-DDD41F30F5F1.wav,0,reverb_mild_rt0.3,0,0.214,117.04266148855616,12.447220204493666,136.0144717615048,0.004247101757954435,0.15694060206888283,9.371776213539716,0.12529686093330383,0.05319366231560707,0.12425915948275862,0.02102157725192452
AH_753G_073DCC32-4397-4719-A019-DDD41F30F5F1.wav,0,reverb_heavy_rt0.6,0,0.246,117.06183940397726,12.412802796774459,136.0144717615048,0.004040842612301272,0.16047739737934646,8.953702714926242,0.1326245665550232,0.05541231855750084,0.11484711745689655,0.021187044909739484
AH_753G_073DCC32-4397-4719-A019-DDD41F30F5F1.wav,0,compression_high,0,0.258,116.89986984556202,12.420367758881305,136.80239558079444,0.004542988751469133,0.13966460157331492,11.683877080082755,0.18007512390613556,0.07551651448011398,0.11272561961206896,0.020472794781225323
AH_753G_073DCC32-4397-4719-A019-DDD41F30F5F1.wav,0,compression_medium,0,0.234,116.89986984556202,12.420367758881305,136.80239558079444,0.004539992932922956,0.14005728105331025,11.679901664289643,0.1800793558359146,0.07552354782819748,0.11134496228448276,0.019120513963602356
AH_753G_073DCC32-4397-4719-A019-DDD41F30F5F1.wav,0,compression_low,0,0.24,116.87915971595754,12.441879672109243,136.80239558079444,0.004562735382278337,0.14508791732200593,11.354821222535337,0.18017898499965668,0.0752558559179306,0.10642847521551724,0.017025733524338442
AH_753G_073DCC32-4397-4719-A019-DDD41F30F5F1.wav,0,distance_quiet_-6db,0,0.16,116.89986984556202,12.420367758881305,136.80239558079444,0.004541938931168277,0.13956052474135738,11.683142645451914,0.09025134146213531,0.03784756734967232,0.11080616918103449,0.019491613131983245
AH_753G_073DCC32-4397-4719-A019-DDD41F30F5F1.wav,0,distance_far_-12db,0,0.084,116.89986984556202,12.420367758881305,136.80239558079444,0.004541847840793922,0.13957034433223492,11.683044561737864,0.04523284360766411,0.01896865852177143,0.11080616918103449,0.019491613131983245
AH_821C_8F9D5EF0-18B2-4967-B36D-82E014792BC3.wav,0,clean,0,0.116,183.19126570264882,3.438114375377088,190.14414213582498,0.0019446637047025902,0.13155298743931004,16.687943222821207,0.12157350033521652,0.03945329040288925,0.19966020976027396,0.030186375851277796
AH_821C_8F9D5EF0-18B2-4967-B36D-82E014792BC3.wav,0,noise_snr_10db,0,0.204,183.19143023450357,3.4465647368125585,190.14414213582498,0.0021188768535308996,0.18019364410673072,8.120702077098997,0.12845902144908905,0.037756334990262985,0.2635046553938356,0.03633554835855711
AH_821C_8F9D5EF0-18B2-4967-B36D-82E014792BC3.wav,0,noise_snr_5db,0,0.156,180.83269398958802,15.640429080748602,190.14414213582498,0.0028051091120289986,0.18502457326513813,3.9848523128667335,0.14273281395435333,0.03455842286348343,0.3257839255136986,0.04277295789805044
AH_821C_8F9D5EF0-18B2-4967-B36D-82E014792BC3.wav,0,noise_snr_0db,0,0.128,164.9100901672057,38.28912180212447,190.14414213582498,0.002209292062208967,0.15282266485265944,-0.3221265343902227,0.178021639585495,0.02852952852845192,0.3879695526541096,0.04414122774867528
AH_821C_8F9D5EF0-18B2-4967-B36D-82E014792BC3.wav,0,noise_snr_-5db,0,0.184,151.9703747658237,43.956106327784546,190.14414213582498,0.003280772763438069,0.18354611626359732,-3.2333315958354545,0.2599159777164459,0.020765352994203568,0.4380484803082192,0.044148771039970336
AH_821C_8F9D5EF0-18B2-4967-B36D-82E014792BC3.wav,0,reverb_mild_rt0.3,0,0.224,183.23423055948953,3.409309348867848,190.14414213582498,0.0015388534367554553,0.11520645656591279,15.187812161612506,0.08993641287088394,0.029834356158971786,0.2164156142979452,0.02255847598298188
AH_821C_8F9D5EF0-18B2-4967-B36D-82E014792BC3.wav,0,reverb_heavy_rt0.6,0,0.238,183.14313828189287,3.174999789997672,190.14414213582498,0.0011274490617767285,0.09003537097262503,14.638587233348922,0.08371562510728836,0.025787299498915672,0.20992080479452055,0.028455581879866444
AH_821C_8F9D5EF0-18B2-4967-B36D-82E014792BC3.wav,0,compression_high,0,0.12,183.19126570264882,3.438114375377088,190.14414213582498,0.00194465059545311,0.13148530908206318,16.689371275113658,0.12156980484724045,0.039452239871025085,0.1994662350171233,0.030624838078915275
AH_821C_8F9D5EF0-18B2-4967-B36D-82E014792BC3.wav,0,compression_medium,0,0.128,183.19126570264882,3.438114375377088,190.14414213582498,0.0019439453743240903,0.13302953489200378,16.632525620206906,0.12166066467761993,0.039396122097969055,0.2001953125,0.030894411959543934
AH_821C_8F9D5EF0-18B2-4967-B36D-82E014792BC3.wav,0,compression_low,0,0.146,183.16186197558582,3.4155669256520955,190.14414213582498,0.0019561957570806148,0.12838416523692947,15.723403956297915,0.12098877876996994,0.03896663337945938,0.18768059717465754,0.03198154178731024
AH_821C_8F9D5EF0-18B2-4967-B36D-82E014792BC3.wav,0,distance_quiet_-6db,0,0.098,183.19126570264882,3.438114375377088,190.14414213582498,0.001944634630882022,0.1315444108027784,16.687749214888346,0.06093142181634903,0.01977340504527092,0.19966020976027396,0.030186375851277796
AH_821C_8F9D5EF0-18B2-4967-B36D-82E014792BC3.wav,0,distance_far_-12db,0,0.086,183.19126570264882,3.438114375377088,190.14414213582498,0.001944655567728667,0.13142574335429077,16.688145856256646,0.030537506565451622,0.00991037953644991,0.19966020976027396,0.030186375851277796
AH_667J_605FB4D5-E0DB-4B9B-8F58-784561C51693.wav,0,clean,0,0.082,184.43160946881312,1.3746925114079709,187.9601503892369,0.0008868241848428096,0.09311611968063667,21.898747055180618,0.2335490733385086,0.04268737509846687,0.17750961061507936,0.028012876753067892
AH_667J_605FB4D5-E0DB-4B9B-8F58-784561C51693.wav,0,noise_snr_10db,0,0.164,184.48256834591763,1.4043645579410653,187.9601503892369,0.000968780218878401,0.15365622018447156,9.493296647864213,0.24545934796333313,0.04016134515404701,0.2667488219246032,0.03854586848824852
AH_667J_605FB4D5-E0DB-4B9B-8F58-784561C51693.wav,0,noise_snr_5db,0,0.17,184.53303918076028,1.3674155121027805,187.9601503892369,0.002066790702648072,0.20778878740865983,4.855331438902908,0.26971960067749023,0.03604068607091904,0.33028738839285715,0.039323085498065
AH_667J_605FB4D5-E0DB-4B9B-8F58-784561C51693.wav,0,noise_snr_0db,0,0.336,175.84008459496968,27.188788976888016,187.9601503892369,0.002774378287874449,0.18265061505299635,0.32278248764415784,0.33093011379241943,0.027466269209980965,0.39531405009920634,0.041910957607304886
AH_667J_605FB4D5-E0DB-4B9B-8F58-784561C51693.wav,0,noise_snr_-5db,0,0.496,146.67134876904132,45.89386964735391,189.0489924635466,,,-3.207384443921616,0.4629078805446625,0.024610556662082672,0.43752325148809523,0.04166089232000821
AH_667J_605FB4D5-E0DB-4B9B-8F58-784561C51693.wav,0,reverb_mild_rt0.3,0,0.19,184.61748260033934,1.3444499409995208,187.9601503892369,0.0006805393200797253,0.0751828948179474,19.919582612946748,0.16620440781116486,0.036755844950675964,0.1940026661706349,0.020225340774480936
AH_667J_605FB4D5-E0DB-4B9B-8F58-784561C51693.wav,0,reverb_heavy_rt0.6,0,0.19,184.4144280722365,1.337663710094136,187.9601503892369,0.0007772994019100087,0.08286713023928743,19.235203538191488,0.16659674048423767,0.033552732318639755,0.2218812003968254,0.022205851486935064
AH_667J_605FB4D5-E0DB-4B9B-8F58-784561C51693.wav,0,compression_high,0,0.078,184.43160946881312,1.3746925114079709,187.9601503892369,0.0008867574944428674,0.09352756863796162,21.903636728948513,0.233545184135437,0.04268575832247734,0.17750186011904762,0.02839329456724716
AH_667J_605FB4D5-E0DB-4B9B-8F58-784561C51693.wav,0,compression_medium,0,0.078,184.43160946881312,1.3746925114079709,187.9601503892369,0.0008869940717404928,0.09284449610502152,21.82472309901398,0.2335703819990158,0.04267215356230736,0.1735568576388889,0.028514714272680947
AH_667J_605FB4D5-E0DB-4B9B-8F58-784561C51693.wav,0,compression_low,0,0.116,184.43160946881312,1.3746925114079709,187.9601503892369,0.0008850539512982653,0.1135314103750716,21.07353280859978,0.23344825208187103,0.042652372270822525,0.16441127232142858,0.02875822779749678
AH_667J_605FB4D5-E0DB-4B9B-8F58-784561C51693.wav,0,distance_quiet_-6db,0,0.096,184.43160946881312,1.3746925114079709,187.9601503892369,0.0008868247424085337,0.093136097049784,21.89880715117884,0.11705169081687927,0.021394213661551476,0.17750961061507936,0.028012876753067892
AH_667J_605FB4D5-E0DB-4B9B-8F58-784561C51693.wav,0,distance_far_-12db,0,0.108,184.43160946881312,1.3746925114079709,187.9601503892369,0.000886828578179623,0.09317721870450886,21.898681096198203,0.0586649514734745,0.01072258222848177,0.17750961061507936,0.028012876753067892
AH_538M_AE709CB7-1123-47F8-8BD2-000158BDBC01.wav,0,clean,0,0.088,212.11247017834393,1.6602690172786243,219.6835474110902,0.0007611626118718828,0.07880950003243571,22.35169425355414,0.28328239917755127,0.07198650389909744,0.2684889573317308,0.023146763520752
AH_538M_AE709CB7-1123-47F8-8BD2-000158BDBC01.wav,0,noise_snr_10db,0,0.246,212.11247017834393,1.6602690172786243,219.6835474110902,0.0009002570004625549,0.18370748988088997,9.063318903648383,0.299442321062088,0.0669969916343689,0.3125657301682692,0.03645269133142521
AH_538M_AE709CB7-1123-47F8-8BD2-000158BDBC01.wav,0,noise_snr_5db,0,0.468,206.0149468125202,24.77883804342668,219.6835474110902,0.0034698194591545137,0.1367722250893699,4.4683638636329235,0.3282870054244995,0.05835680291056633,0.34806002103365385,0.0420514034766528
AH_538M_AE709CB7-1123-47F8-8BD2-000158BDBC01.wav,0,noise_snr_0db,0,0.382,203.3720032644507,31.62645703448942,213.42958325580668,0.005085819181489378,0.19306538373121865,0.22043077273759706,0.4037438929080963,0.04214293882250786,0.39168607271634615,0.04364040619493922
AH_538M_AE709CB7-1123-47F8-8BD2-000158BDBC01.wav,0,reverb_mild_rt0.3,0,0.222,212.041129933817,1.5690582765179601,218.41826328374458,0.0007098177159878984,0.08596782984902558,21.295939173894414,0.21265949308872223,0.05497582629323006,0.23649714543269232,0.025469034258237665
AH_538M_AE709CB7-1123-47F8-8BD2-000158BDBC01.wav,0,reverb_heavy_rt0.6,0,0.226,212.04347232373954,1.8656855035418882,219.6835474110902,0.0007005805292239347,0.07397695691872423,19.21286519838376,0.21863898634910583,0.054588090628385544,0.2542724609375,0.023881256978192517
AH_538M_AE709CB7-1123-47F8-8BD2-000158BDBC01.wav,0,compression_high,0,0.094,212.11247017834393,1.6602690172786243,219.6835474110902,0.0007611937298246246,0.07821763320011434,22.35763429414823,0.28327804803848267,0.07198462635278702,0.26803823617788464,0.02490867908590855
AH_538M_AE709CB7-1123-47F8-8BD2-000158BDBC01.wav,0,compression_medium,0,0.106,212.11247017834393,1.6602690172786243,219.6835474110902,0.0007615612517129363,0.07861221675157816,22.275732303087075,0.28328341245651245,0.07198743522167206,0.26636681189903844,0.025294645554145775
AH_538M_AE709CB7-1123-47F8-8BD2-000158BDBC01.wav,0,compression_low,0,0.18,212.11247017834393,1.6602690172786243,219.6835474110902,0.0007626239979155004,0.06329613547697853,21.582345341514184,0.2828119993209839,0.07174515724182129,0.2598689152644231,0.025767996796254883
AH_538M_AE709CB7-1123-47F8-8BD2-000158BDBC01.wav,0,distance_quiet_-6db,0,0.13,212.11247017834393,1.6602690172786243,219.6835474110902,0.0007611636240415694,0.07881424896765055,22.351745820486617,0.14197739958763123,0.0360785573720932,0.2684889573317308,0.023146763520752
AH_538M_AE709CB7-1123-47F8-8BD2-000158BDBC01.wav,0,distance_far_-12db,0,0.178,212.11247017834393,1.6602690172786243,219.6835474110902,0.0007611568915418885,0.07881600490600778,22.35149855733319,0.0711572989821434,0.018082106485962868,0.2684889573317308,0.023146763520752
AH_621N_204CF3E2-1DA0-4908-A47F-78997B1BAFC2.wav,0,clean,0,0.186,126.12216659411821,0.8941397909939302,129.1242671020315,0.0029395395638708503,0.09856671029391764,14.965982868750768,0.31061500310897827,0.034634124487638474,0.1755652794471154,0.018960788455884902
AH_621N_204CF3E2-1DA0-4908-A47F-78997B1BAFC2.wav,0,noise_snr_10db,0,0.376,126.17815104035665,0.8853575305741591,129.1242671020315,0.0030788514980436706,0.11604144412583861,8.42985157398054,0.3257039189338684,0.03469090908765793,0.24640362079326922,0.024370835538426804
AH_621N_204CF3E2-1DA0-4908-A47F-78997B1BAFC2.wav,0,noise_snr_5db,0,0.394,126.1501181050978,0.884343060651106,129.1242671020315,0.003490244663395896,0.1264744157606906,4.388966707379533,0.3553500473499298,0.0323394238948822,0.30064978966346156,0.03147340519495006
AH_621N_204CF3E2-1DA0-4908-A47F-78997B1BAFC2.wav,0,noise_snr_0db,0,0.372,126.20658878465733,0.9414034422789272,129.1242671020315,0.0049736299858864534,0.13889488385842713,0.044777230350728524,0.42827925086021423,0.031015027314424515,0.36648324819711536,0.035570545130425735
AH_621N_204CF3E2-1DA0-4908-A47F-78997B1BAFC2.wav,0,noise_snr_-5db,0,0.476,125.83036481490166,1.1446087371100946,129.1242671020315,,,-3.377881413175231,0.5658312439918518,0.03393422067165375,0.4266169621394231,0.040699656191105056
AH_621N_204CF3E2-1DA0-4908-A47F-78997B1BAFC2.wav,0,reverb_mild_rt0.3,0,0.176,126.19261349816034,0.9471442845728331,129.1242671020315,0.002474059967498781,0.12175464744713396,12.127553215874638,0.18968552350997925,0.017574671655893326,0.14111328125,0.017330413152908914
AH_621N_204CF3E2-1DA0-4908-A47F-78997B1BAFC2.wav,0,reverb_heavy_rt0.6,0,0.138,126.01028428481807,0.9146953225554748,129.1242671020315,0.002445554412114979,0.11599613258557312,11.738438391031833,0.22517675161361694,0.028016839176416397,0.17487980769230768,0.018991949802516894
AH_621N_204CF3E2-1DA0-4908-A47F-78997B1BAFC2.wav,0,compression_high,0,0.202,126.12216659411821,0.8941397909939302,129.1242671020315,0.0029395500284777275,0.0984231276230771,14.966970527142278,0.3106125593185425,0.03463377058506012,0.17528357872596154,0.019455864691790347
AH_621N_204CF3E2-1DA0-4908-A47F-78997B1BAFC2.wav,0,compression_medium,0,0.216,126.12216659411821,0.8941397909939302,129.1242671020315,0.002939180289962958,0.09843206708615387,14.958388762280999,0.31061890721321106,0.03464050963521004,0.1760535606971154,0.019787886644795548
AH_621N_204CF3E2-1DA0-4908-A47F-78997B1BAFC2.wav,0,compression_low,0,0.218,126.10819130762124,0.8988704978494213,129.1242671020315,0.0029505029696757475,0.0952223469414284,15.19552848324369,0.30850350856781006,0.03432324528694153,0.1680908203125,0.0186827100165238
AH_621N_204CF3E2-1DA0-4908-A47F-78997B1BAFC2.wav,0,distance_quiet_-6db,0,0.174,126.12216659411821,0.8941397909939302,129.1242671020315,0.0029395415940283083,0.09856364819633419,14.96600972032624,0.15567469596862793,0.017358098179101944,0.1755652794471154,0.018960788455884902
AH_621N_204CF3E2-1DA0-4908-A47F-78997B1BAFC2.wav,0,distance_far_-12db,0,0.21,126.12216659411821,0.8941397909939302,129.1242671020315,0.0029395447524779884,0.09856613800427128,14.966002844263942,0.07802290469408035,0.008699900470674038,0.1755652794471154,0.018960788455884902
AH_904H_85B22FC1-BA09-4A17-A374-B00B2445CD27.wav,0,clean,0,0.168,240.14818953990917,1.4372262412969368,242.35023708172005,0.0005723861355668308,0.0710061004571596,21.526619005921475,0.2668434679508209,0.10286112874746323,0.18474324544270834,0.021687899476689247
AH_904H_85B22FC1-BA09-4A17-A374-B00B2445CD27.wav,0,noise_snr_10db,1,0.522,223.6152855745685,46.04063905808419,242.35023708172005,0.0007895435808855655,0.1594765872769718,8.08896842143268,0.2855169177055359,0.0883588194847107,0.2572021484375,0.09012578840788288
AH_904H_85B22FC1-BA09-4A17-A374-B00B2445CD27.wav,0,noise_snr_5db,1,0.642,231.17983422730688,33.592958579385076,240.95440242841244,0.001397348798475132,0.18250296818539244,4.0613779825903995,0.3149464428424835,0.07473079115152359,0.3105875651041667,0.08377515375569779
AH_904H_85B22FC1-BA09-4A17-A374-B00B2445CD27.wav,0,reverb_mild_rt0.3,0,0.296,240.29208545109336,1.326276212375554,242.35023708172005,0.0005190218164157161,0.08543400492984822,20.20396219802511,0.1758178323507309,0.06698048114776611,0.22364298502604166,0.03153015594287769
AH_904H_85B22FC1-BA09-4A17-A374-B00B2445CD27.wav,0,reverb_heavy_rt0.6,0,0.286,239.80140243602446,1.3928680772091597,242.35023708172005,0.0005267200051682129,0.07491022762784215,21.433051364112806,0.19857962429523468,0.08061739802360535,0.20441691080729166,0.024659510327092474
AH_904H_85B22FC1-BA09-4A17-A374-B00B2445CD27.wav,0,compression_high,0,0.172,240.14818953990917,1.4372262412969368,242.35023708172005,0.0005720745981238864,0.07137538572335121,21.53043927609662,0.266836017370224,0.1028587818145752,0.184661865234375,0.02172729403030014
AH_904H_85B22FC1-BA09-4A17-A374-B00B2445CD27.wav,0,compression_medium,0,0.202,240.17710194068593,1.4391935067755846,242.35023708172005,0.0005743105036602529,0.07168571469198236,21.46604941427926,0.26689040660858154,0.10280225425958633,0.18683878580729166,0.02449479846804194
AH_904H_85B22FC1-BA09-4A17-A374-B00B2445CD27.wav,0,compression_low,0,0.304,240.14818953990917,1.4372262412969368,242.35023708172005,0.0005909173189901592,0.09353368480802135,21.0475458935449,0.26603057980537415,0.1022840067744255,0.18511962890625,0.023727660673633973
AH_904H_85B22FC1-BA09-4A17-A374-B00B2445CD27.wav,0,distance_quiet_-6db,0,0.22,240.14818953990917,1.4372262412969368,242.35023708172005,0.0005723887962769262,0.07099905239456022,21.526699001114444,0.1337382197380066,0.05155250430107117,0.18474324544270834,0.021687899476689247
AH_904H_85B22FC1-BA09-4A17-A374-B00B2445CD27.wav,0,distance_far_-12db,0,0.19,240.14818953990917,1.4372262412969368,242.35023708172005,0.0005723974087156553,0.07099147935769697,21.52671464255808,0.06702786684036255,0.025837555527687073,0.18474324544270834,0.021687899476689247
AH_333L_6C551A6E-CC47-410E-AA49-2DC0A86E6489.wav,0,clean,0,0.21,248.04209398420693,41.72199339398958,344.7204357365765,0.004113506193827802,0.19342782878208065,8.84930282202613,0.22978416085243225,0.05575864017009735,0.18311264935661764,0.020209614177854565
AH_333L_6C551A6E-CC47-410E-AA49-2DC0A86E6489.wav,0,noise_snr_10db,0,0.348,253.32771258434437,45.78341778710682,344.7204357365765,0.0026434931563588376,0.17729873195155854,5.173818497963547,0.24234667420387268,0.05233404040336609,0.23430319393382354,0.038524127828273885
AH_333L_6C551A6E-CC47-410E-AA49-2DC0A86E6489.wav,0,noise_snr_5db,0,0.286,254.45669125210622,46.70774764371863,344.7204357365765,0.0026319612879318567,0.19118872155723515,2.325306734521203,0.26656419038772583,0.04759372025728226,0.2939022288602941,0.043714988170210724
AH_333L_6C551A6E-CC47-410E-AA49-2DC0A86E6489.wav,0,noise_snr_0db,0,0.476,314.4113566774269,49.51327253705422,346.7173809056833,0.004053750657526985,0.21763596268722527,-0.767834709256306,0.3299870193004608,0.03971967473626137,0.36998793658088236,0.04855367331155293
AH_333L_6C551A6E-CC47-410E-AA49-2DC0A86E6489.wav,0,reverb_mild_rt0.3,0,0.24,242.17562284392838,34.25860790003769,336.84701010299267,0.002632903220350996,0.1907051967781103,7.027727403662549,0.12990495562553406,0.033348120748996735,0.19727280560661764,0.028087033425826295
AH_333L_6C551A6E-CC47-410E-AA49-2DC0A86E6489.wav,0,reverb_heavy_rt0.6,0,0.308,252.26081895612595,45.420951491733746,346.7173809056833,0.002098983456934707,0.1963524963793455,8.2440651049582,0.16313962638378143,0.04463445767760277,0.18669577205882354,0.02263474822676614
AH_333L_6C551A6E-CC47-410E-AA49-2DC0A86E6489.wav,0,compression_high,0,0.218,248.04209398420693,41.72199339398958,344.7204357365765,0.004114754534944175,0.19342398252615964,8.850074625896623,0.2297823578119278,0.0557592436671257,0.18331370634191177,0.020318243013442268
AH_333L_6C551A6E-CC47-410E-AA49-2DC0A86E6489.wav,0,compression_medium,0,0.214,248.04209398420693,41.72199339398958,344.7204357365765,0.004111833832240726,0.1931765583458027,8.845518066268587,0.22979198396205902,0.055769260972738266,0.1827105353860294,0.020125777532504264
AH_333L_6C551A6E-CC47-410E-AA49-2DC0A86E6489.wav,0,compression_low,0,0.286,249.69899598711194,43.18729115645781,344.7204357365765,0.0035635234203150808,0.19630515667123255,8.797893252063236,0.22936910390853882,0.05575132369995117,0.17567354090073528,0.017300850229291398
AH_333L_6C551A6E-CC47-410E-AA49-2DC0A86E6489.wav,0,distance_quiet_-6db,0,0.208,248.04209398420693,41.72199339398958,344.7204357365765,0.004113492024622008,0.1934308158435204,8.84928338409579,0.11516481637954712,0.0279452595859766,0.18311264935661764,0.020209614177854565
AH_333L_6C551A6E-CC47-410E-AA49-2DC0A86E6489.wav,0,distance_far_-12db,0,0.182,248.04209398420693,41.72199339398958,344.7204357365765,0.00411355099410229,0.19342762533734714,8.849297996218244,0.05771930515766144,0.014006045646965504,0.18311264935661764,0.020209614177854565
